ticker,cik,filing_date,accession,doc,tokens,substantive_base,boilerplate_base,tls_base,substantive_section,boilerplate_section,tls_section,substantive_prox15,boilerplate_prox15,tls_prox15,substantive_prox20,boilerplate_prox20,tls_prox20,substantive_full15,boilerplate_full15,tls_full15,substantive_full20,boilerplate_full20,tls_full20
NVDA,1045810,2025-02-26,0001045810-25-000023,nvda-20250126.htm,54442,1.8368171632195731,0.9184085816097866,0.9184085816097866,2.5715440285074025,1.2857720142537012,1.2857720142537012,1.9286580213805518,0.9184085816097866,1.0102494397707653,2.0204988795415306,0.9184085816097866,1.102090297931744,2.663384886668381,1.2857720142537012,1.37761287241468,2.75522574482936,1.2857720142537012,1.4694537305756585
NVDA,1045810,2024-02-21,0001045810-24-000029,nvda-20240128.htm,53232,1.5028554253080855,0.7514277126540427,0.7514277126540427,2.1603546738803727,1.0332131048993087,1.127141568981064,1.5028554253080855,0.7514277126540427,0.7514277126540427,1.5028554253080855,0.7514277126540427,0.7514277126540427,2.1603546738803727,1.0332131048993087,1.127141568981064,2.1603546738803727,1.0332131048993087,1.127141568981064
NVDA,1045810,2023-02-24,0001045810-23-000017,nvda-20230129.htm,50117,2.194864018197418,2.7934632958876233,-0.5985992776902049,3.1925294810144265,4.090428397549734,-0.8978989165353074,2.194864018197418,2.7934632958876233,-0.5985992776902049,2.194864018197418,2.7934632958876233,-0.5985992776902049,3.1925294810144265,4.090428397549734,-0.8978989165353074,3.1925294810144265,4.090428397549734,-0.8978989165353074
MSFT,789019,2025-07-30,0000950170-25-100235,msft-20250630.htm,49356,0.4052192235999676,1.013048058999919,-0.6078288353999514,0.4052192235999676,1.013048058999919,-0.6078288353999514,0.4052192235999676,1.013048058999919,-0.6078288353999514,0.4052192235999676,1.013048058999919,-0.6078288353999514,0.4052192235999676,1.013048058999919,-0.6078288353999514,0.4052192235999676,1.013048058999919,-0.6078288353999514
MSFT,789019,2024-07-30,0000950170-24-087843,msft-20240630.htm,55579,0.3598481440831969,2.1590888644991812,-1.7992407204159844,0.3598481440831969,2.1590888644991812,-1.7992407204159844,0.3598481440831969,2.1590888644991812,-1.7992407204159844,0.3598481440831969,2.1590888644991812,-1.7992407204159844,0.3598481440831969,2.1590888644991812,-1.7992407204159844,0.3598481440831969,2.1590888644991812,-1.7992407204159844
MSFT,789019,2023-07-27,0000950170-23-035122,msft-20230630.htm,53263,0.18774759213713085,1.5019807370970468,-1.314233144959916,0.18774759213713085,1.5019807370970468,-1.314233144959916,0.18774759213713085,1.5019807370970468,-1.314233144959916,0.18774759213713085,1.5019807370970468,-1.314233144959916,0.18774759213713085,1.5019807370970468,-1.314233144959916,0.18774759213713085,1.5019807370970468,-1.314233144959916
AAPL,320193,2025-10-31,0000320193-25-000079,aapl-20250927.htm,32213,0.0,0.0,0.0,0.0,0.0,0.0,0.0,0.0,0.0,0.0,0.0,0.0,0.0,0.0,0.0,0.0,0.0,0.0
AAPL,320193,2024-11-01,0000320193-24-000123,aapl-20240928.htm,31879,0.0,0.0,0.0,0.0,0.0,0.0,0.0,0.0,0.0,0.0,0.0,0.0,0.0,0.0,0.0,0.0,0.0,0.0
AAPL,320193,2023-11-03,0000320193-23-000106,aapl-20230930.htm,31484,0.31762164909160207,0.0,0.31762164909160207,0.31762164909160207,0.0,0.31762164909160207,0.4764324736374031,0.0,0.4764324736374031,0.6352432981832041,0.0,0.6352432981832041,0.4764324736374031,0.0,0.4764324736374031,0.6352432981832041,0.0,0.6352432981832041
GOOGL,1652044,2025-02-05,0001652044-25-000014,goog-20241231.htm,55649,1.7969774838721269,0.8984887419360634,0.8984887419360634,2.515768477420978,1.257884238710489,1.257884238710489,1.7969774838721269,0.8984887419360634,0.8984887419360634,1.7969774838721269,0.8984887419360634,0.8984887419360634,2.515768477420978,1.257884238710489,1.257884238710489,2.515768477420978,1.257884238710489,1.257884238710489
GOOGL,1652044,2024-01-31,0001652044-24-000022,goog-20231231.htm,54159,2.5849812588858727,1.4771321479347845,1.1078491109510884,3.6928303698369613,2.215698221902177,1.4771321479347845,2.5849812588858727,1.4771321479347845,1.1078491109510884,2.5849812588858727,1.4771321479347845,1.1078491109510884,3.6928303698369613,2.215698221902177,1.4771321479347845,3.6928303698369613,2.215698221902177,1.4771321479347845
GOOGL,1652044,2023-02-03,0001652044-23-000016,goog-20221231.htm,51042,1.7632537909956505,1.3714196152188394,0.39183417577681123,2.057129422828259,1.959170878884056,0.09795854394420281,1.8612123349398533,1.3714196152188394,0.489792719721014,1.959170878884056,1.3714196152188394,0.5877512636652169,2.204067238744563,1.959170878884056,0.244896359860507,2.3510050546608676,1.959170878884056,0.39183417577681123
AMZN,1018724,2025-02-07,0001018724-25-000004,amzn-20241231.htm,43952,0.0,0.9100837277029487,-0.9100837277029487,0.0,1.365125591554423,-1.365125591554423,0.0,0.9100837277029487,-0.9100837277029487,0.0,0.9100837277029487,-0.9100837277029487,0.0,1.365125591554423,-1.365125591554423,0.0,1.365125591554423,-1.365125591554423
AMZN,1018724,2024-02-02,0001018724-24-000008,amzn-20231231.htm,44436,0.4500855162480871,0.4500855162480871,0.0,0.4500855162480871,0.6751282743721307,-0.22504275812404356,0.4500855162480871,0.4500855162480871,0.0,0.4500855162480871,0.4500855162480871,0.0,0.4500855162480871,0.6751282743721307,-0.22504275812404356,0.4500855162480871,0.6751282743721307,-0.22504275812404356
AMZN,1018724,2023-02-03,0001018724-23-000004,amzn-20221231.htm,42155,0.0,0.4744395682599929,-0.4744395682599929,0.0,0.7116593523899893,-0.7116593523899893,0.0,0.4744395682599929,-0.4744395682599929,0.0,0.4744395682599929,-0.4744395682599929,0.0,0.7116593523899893,-0.7116593523899893,0.0,0.7116593523899893,-0.7116593523899893
META,1326801,2025-01-30,0001326801-25-000017,meta-20241231.htm,78850,0.507292327203551,0.12682308180088775,0.38046924540266325,0.507292327203551,0.12682308180088775,0.38046924540266325,0.6341154090044387,0.12682308180088775,0.507292327203551,0.7609384908053265,0.12682308180088775,0.6341154090044387,0.6341154090044387,0.12682308180088775,0.507292327203551,0.7609384908053265,0.12682308180088775,0.6341154090044387
AVGO,1730168,2024-12-20,0001730168-24-000139,avgo-20241103.htm,59612,1.1742602160638798,1.5097631349392742,-0.33550291887539424,1.7613903240958197,2.264644702408911,-0.5032543783130914,1.1742602160638798,1.5097631349392742,-0.33550291887539424,1.1742602160638798,1.5097631349392742,-0.33550291887539424,1.7613903240958197,2.264644702408911,-0.5032543783130914,1.7613903240958197,2.264644702408911,-0.5032543783130914
AVGO,1730168,2023-12-14,0001730168-23-000096,avgo-20231029.htm,60191,1.49524015218222,1.6613779468691334,-0.16613779468691334,2.24286022827333,2.4920669203037003,-0.24920669203037,1.49524015218222,1.6613779468691334,-0.16613779468691334,1.49524015218222,1.6613779468691334,-0.16613779468691334,2.24286022827333,2.4920669203037003,-0.24920669203037,2.24286022827333,2.4920669203037003,-0.24920669203037
AVGO,1730168,2022-12-16,0001730168-22-000118,avgo-20221030.htm,62085,1.449625513409036,0.32213900297978576,1.1274865104292502,2.174438270113554,0.48320850446967867,1.6912297656438753,1.449625513409036,0.32213900297978576,1.1274865104292502,1.449625513409036,0.32213900297978576,1.1274865104292502,2.174438270113554,0.48320850446967867,1.6912297656438753,2.174438270113554,0.48320850446967867,1.6912297656438753
BRK-B,1067983,2025-02-24,0000950170-25-025210,brka-20241231.htm,78888,5.704289625798601,0.76057195010648,4.94371767569212,6.4014805800628745,0.76057195010648,5.640908629956394,6.338099584220667,0.76057195010648,5.577527634114188,6.971909542642734,0.76057195010648,6.211337592536254,7.130362032248251,0.76057195010648,6.369790082141771,7.859243484433628,0.76057195010648,7.098671534327147
BRK-B,1067983,2024-02-26,0000950170-24-019719,brka-20231231.htm,80518,6.706574927345438,0.37258749596363544,6.333987431381803,7.513847835266648,0.37258749596363544,7.141260339303012,7.389652003278769,0.37258749596363544,7.017064507315134,8.0727290792121,0.37258749596363544,7.700141583248466,8.321120743187858,0.37258749596363544,7.948533247224223,9.128393651109068,0.37258749596363544,8.755806155145432
BRK-B,1067983,2023-02-27,0000950170-23-004451,brka-20221231.htm,77733,5.531756139606087,0.38593647485623866,5.145819664749849,6.303629089318565,0.38593647485623866,5.917692614462326,6.432274580937311,0.38593647485623866,6.046338106081072,7.332793022268534,0.38593647485623866,6.946856547412296,7.429277140982594,0.38593647485623866,7.043340666126356,8.554925192646623,0.38593647485623866,8.168988717790386
TSLA,1318605,2025-04-30,0001104659-25-042659,tm252787d2_10ka.htm,22488,30.683030949839917,0.8893632159373889,29.793667733902527,30.683030949839917,0.8893632159373889,29.793667733902527,30.683030949839917,0.8893632159373889,29.793667733902527,30.683030949839917,0.8893632159373889,29.793667733902527,30.683030949839917,0.8893632159373889,29.793667733902527,30.683030949839917,0.8893632159373889,29.793667733902527
TSLA,1318605,2025-01-30,0001628280-25-003063,tsla-20241231.htm,60705,54.19652417428548,2.4709661477637757,51.7255580265217,71.41092167037311,3.5417181451280784,67.86920352524504,55.10254509513219,2.4709661477637757,52.63157894736842,56.008566015978914,2.4709661477637757,53.53759986821514,72.6052219751256,3.5417181451280784,69.06350382999753,73.79952227987809,3.5417181451280784,70.25780413475002
TSLA,1318605,2024-01-29,0001628280-24-002390,tsla-20231231.htm,62783,57.81819919404935,2.229902999219534,55.588296194829816,75.41850500931781,3.185575713170763,72.23292929614705,58.53495372951277,2.229902999219534,56.30505073029323,59.25170826497619,2.229902999219534,57.021805265756655,76.37417772326904,3.185575713170763,73.18860201009828,77.32985043722027,3.185575713170763,74.14427472404951
JPM,19617,2025-02-14,0000019617-25-000270,jpm-20241231.htm,195138,0.2562289251709047,1.537373551025428,-1.2811446258545234,0.30747471020508566,1.7936024761963327,-1.4861277659912473,0.2562289251709047,1.537373551025428,-1.2811446258545234,0.2562289251709047,1.537373551025428,-1.2811446258545234,0.30747471020508566,1.7936024761963327,-1.4861277659912473,0.30747471020508566,1.7936024761963327,-1.4861277659912473
ORCL,1341439,2025-06-18,0000950170-25-087926,orcl-20250531.htm,65334,0.0,2.60201426516056,-2.60201426516056,0.0,2.678544096488811,-2.678544096488811,0.0,2.60201426516056,-2.60201426516056,0.0,2.60201426516056,-2.60201426516056,0.0,2.678544096488811,-2.678544096488811,0.0,2.678544096488811,-2.678544096488811
ORCL,1341439,2024-06-20,0000950170-24-075605,orcl-20240531.htm,65917,0.0,1.8204711986285782,-1.8204711986285782,0.0,1.8963241652381022,-1.8963241652381022,0.0,1.8204711986285782,-1.8204711986285782,0.0,1.8204711986285782,-1.8204711986285782,0.0,1.8963241652381022,-1.8963241652381022,0.0,1.8963241652381022,-1.8963241652381022
ORCL,1341439,2023-06-20,0000950170-23-028914,orcl-20230531.htm,67960,0.2942907592701589,3.0900529723366685,-2.7957622130665096,0.2942907592701589,3.8993525603296053,-3.6050618010594464,0.2942907592701589,3.0900529723366685,-2.7957622130665096,0.2942907592701589,3.0900529723366685,-2.7957622130665096,0.2942907592701589,3.8993525603296053,-3.6050618010594464,0.2942907592701589,3.8993525603296053,-3.6050618010594464
WMT,104169,2025-03-14,0000104169-25-000021,wmt-20250131.htm,57740,0.5195704883962591,3.6369934187738138,-3.117422930377555,0.6927606511950122,4.676134395566332,-3.98337374437132,0.5195704883962591,3.6369934187738138,-3.117422930377555,0.5195704883962591,3.6369934187738138,-3.117422930377555,0.6927606511950122,4.676134395566332,-3.98337374437132,0.6927606511950122,4.676134395566332,-3.98337374437132
WMT,104169,2024-03-15,0000104169-24-000056,wmt-20240131.htm,58780,0.5103776794828173,4.0830214358625385,-3.572643756379721,0.6805035726437564,5.103776794828173,-4.423273222184417,0.5103776794828173,4.0830214358625385,-3.572643756379721,0.5103776794828173,4.0830214358625385,-3.572643756379721,0.6805035726437564,5.103776794828173,-4.423273222184417,0.6805035726437564,5.103776794828173,-4.423273222184417
WMT,104169,2023-03-17,0000104169-23-000020,wmt-20230131.htm,56455,0.5313966876273137,4.25117350101851,-3.7197768133911966,0.7085289168364184,5.313966876273138,-4.60543795943672,0.5313966876273137,4.25117350101851,-3.7197768133911966,0.5313966876273137,4.25117350101851,-3.7197768133911966,0.7085289168364184,5.313966876273138,-4.60543795943672,0.7085289168364184,5.313966876273138,-4.60543795943672
V,1403161,2025-11-06,0001403161-25-000089,v-20250930.htm,67073,0.0,2.6836431947281323,-2.6836431947281323,0.0,3.6527365706021797,-3.6527365706021797,0.0,2.6836431947281323,-2.6836431947281323,0.0,2.6836431947281323,-2.6836431947281323,0.0,3.6527365706021797,-3.6527365706021797,0.0,3.6527365706021797,-3.6527365706021797
V,1403161,2024-11-13,0001403161-24-000058,v-20240930.htm,63618,0.0,2.8293879090823353,-2.8293879090823353,0.0,3.851111320695401,-3.851111320695401,0.0,2.8293879090823353,-2.8293879090823353,0.0,2.8293879090823353,-2.8293879090823353,0.0,3.851111320695401,-3.851111320695401,0.0,3.851111320695401,-3.851111320695401
V,1403161,2023-11-15,0001403161-23-000099,v-20230930.htm,59833,0.0,3.008373305700867,-3.008373305700867,0.0,4.261862183076229,-4.261862183076229,0.0,3.008373305700867,-3.008373305700867,0.0,3.008373305700867,-3.008373305700867,0.0,4.261862183076229,-4.261862183076229,0.0,4.261862183076229,-4.261862183076229
LLY,59478,2025-02-19,0000059478-25-000067,lly-20241231.htm,65676,2.58846458371399,0.7613131128570559,1.827151470856934,3.882696875570985,0.9897070467141726,2.8929898288568126,2.58846458371399,0.7613131128570559,1.827151470856934,2.58846458371399,0.7613131128570559,1.827151470856934,3.882696875570985,0.9897070467141726,2.8929898288568126,3.882696875570985,0.9897070467141726,2.8929898288568126
LLY,59478,2024-02-21,0000059478-24-000065,lly-20231231.htm,66419,2.559508574353724,0.6022373116126409,1.957271262741083,3.839262861530586,0.8280763034673813,3.011186558063205,2.559508574353724,0.6022373116126409,1.957271262741083,2.559508574353724,0.6022373116126409,1.957271262741083,3.839262861530586,0.8280763034673813,3.011186558063205,3.839262861530586,0.8280763034673813,3.011186558063205
LLY,59478,2023-02-22,0000059478-23-000082,lly-20221231.htm,65789,3.1920229825654745,0.9120065664472784,2.280016416118196,4.788034473848212,1.2920093024669776,3.496025171381234,3.1920229825654745,0.9120065664472784,2.280016416118196,3.1920229825654745,0.9120065664472784,2.280016416118196,4.788034473848212,1.2920093024669776,3.496025171381234,4.788034473848212,1.2920093024669776,3.496025171381234
MA,1141391,2025-02-12,0001141391-25-000011,ma-20241231.htm,69885,0.0,1.2878300064391501,-1.2878300064391501,0.0,1.7886527867210418,-1.7886527867210418,0.0,1.2878300064391501,-1.2878300064391501,0.0,1.2878300064391501,-1.2878300064391501,0.0,1.7886527867210418,-1.7886527867210418,0.0,1.7886527867210418,-1.7886527867210418
MA,1141391,2024-02-13,0001141391-24-000022,ma-20231231.htm,71629,0.27921651844923145,3.9090312582892404,-3.629814739840009,0.4188247776738472,5.723938628209245,-5.305113850535397,0.27921651844923145,3.9090312582892404,-3.629814739840009,0.27921651844923145,3.9090312582892404,-3.629814739840009,0.4188247776738472,5.723938628209245,-5.305113850535397,0.4188247776738472,5.723938628209245,-5.305113850535397
MA,1141391,2023-02-14,0001141391-23-000020,ma-20221231.htm,70802,0.8474336883138894,4.519646337674077,-3.6722126493601874,1.271150532470834,6.496991610406486,-5.225841077935652,0.8474336883138894,4.519646337674077,-3.6722126493601874,0.8474336883138894,4.519646337674077,-3.6722126493601874,1.271150532470834,6.496991610406486,-5.225841077935652,1.271150532470834,6.496991610406486,-5.225841077935652
NFLX,1065280,2025-01-27,0001065280-25-000044,nflx-20241231.htm,40071,0.748671108781912,1.7468992538244614,-0.9982281450425494,0.8734496269122307,2.370791844476055,-1.497342217563824,0.9982281450425494,1.7468992538244614,-0.748671108781912,1.2477851813031868,1.7468992538244614,-0.4991140725212747,1.1853959222380275,2.370791844476055,-1.1853959222380275,1.497342217563824,2.370791844476055,-0.8734496269122307
NFLX,1065280,2024-01-26,0001065280-24-000030,nflx-20231231.htm,37320,0.0,1.607717041800643,-1.607717041800643,0.0,2.1436227224008575,-2.1436227224008575,0.0,1.607717041800643,-1.607717041800643,0.0,1.607717041800643,-1.607717041800643,0.0,2.1436227224008575,-2.1436227224008575,0.0,2.1436227224008575,-2.1436227224008575
NFLX,1065280,2023-01-26,0001065280-23-000035,nflx-20221231.htm,34071,0.29350474010155264,1.7610284406093157,-1.4675237005077633,0.44025711015232893,2.348037920812421,-1.9077808106600922,0.29350474010155264,1.7610284406093157,-1.4675237005077633,0.29350474010155264,1.7610284406093157,-1.4675237005077633,0.44025711015232893,2.348037920812421,-1.9077808106600922,0.44025711015232893,2.348037920812421,-1.9077808106600922
XOM,34088,2025-02-19,0000034088-25-000010,xom-20241231.htm,70149,10.97663544740481,0.28510741421830677,10.691528033186504,11.119189154513965,0.28510741421830677,10.834081740295657,11.047912300959387,0.28510741421830677,10.76280488674108,11.119189154513965,0.28510741421830677,10.834081740295657,11.19046600806854,0.28510741421830677,10.905358593850234,11.261742861623118,0.28510741421830677,10.97663544740481
XOM,34088,2024-02-28,0000034088-24-000018,xom-20231231.htm,66231,11.474989053464391,0.15098669807189988,11.32400235539249,16.004589995621387,0.15098669807189988,15.853603297549487,11.550482402500341,0.15098669807189988,11.39949570442844,11.625975751536291,0.15098669807189988,11.474989053464391,16.11783001917531,0.15098669807189988,15.966843321103411,16.231070042729236,0.15098669807189988,16.080083344657336
XOM,34088,2023-02-22,0000034088-23-000020,xom-20221231.htm,65164,11.355963415382726,0.15345896507273954,11.202504450309986,15.499355472346693,0.15345896507273954,15.345896507273954,11.509422380455465,0.15345896507273954,11.355963415382726,11.662881345528206,0.15345896507273954,11.509422380455465,15.729543919955804,0.15345896507273954,15.576084954883063,15.959732367564913,0.15345896507273954,15.806273402492172
JNJ,200406,2025-02-13,0000200406-25-000038,jnj-20241229.htm,69840,2.4341351660939288,0.42955326460481097,2.004581901489118,3.6512027491408934,0.6443298969072164,3.006872852233677,2.4341351660939288,0.42955326460481097,2.004581901489118,2.4341351660939288,0.42955326460481097,2.004581901489118,3.6512027491408934,0.6443298969072164,3.006872852233677,3.6512027491408934,0.6443298969072164,3.006872852233677
JNJ,200406,2024-02-16,0000200406-24-000013,jnj-20231231.htm,69123,2.604053643505056,0.7233482343069599,1.880705409198096,3.906080465257584,1.012687528029744,2.8933929372278397,2.604053643505056,0.7233482343069599,1.880705409198096,2.604053643505056,0.7233482343069599,1.880705409198096,3.906080465257584,1.012687528029744,2.8933929372278397,3.906080465257584,1.012687528029744,2.8933929372278397
JNJ,200406,2023-02-16,0000200406-23-000016,jnj-20230101.htm,75520,1.4565677966101696,0.926906779661017,0.5296610169491526,2.1848516949152543,1.3241525423728815,0.860699152542373,1.4565677966101696,0.926906779661017,0.5296610169491526,1.4565677966101696,0.926906779661017,0.5296610169491526,2.1848516949152543,1.3241525423728815,0.860699152542373,2.1848516949152543,1.3241525423728815,0.860699152542373
PLTR,1321655,2025-02-18,0001321655-25-000022,pltr-20241231.htm,84195,0.23754379713759724,1.0689470871191875,-0.8314032899815903,0.23754379713759724,1.4252627828255835,-1.1877189856879862,0.23754379713759724,1.0689470871191875,-0.8314032899815903,0.23754379713759724,1.0689470871191875,-0.8314032899815903,0.23754379713759724,1.4252627828255835,-1.1877189856879862,0.23754379713759724,1.4252627828255835,-1.1877189856879862
PLTR,1321655,2024-02-20,0001321655-24-000022,pltr-20231231.htm,83152,0.2405233788724264,1.0823552049259189,-0.8418318260534924,0.300654223590533,1.4431402732345584,-1.1424860496440254,0.2405233788724264,1.0823552049259189,-0.8418318260534924,0.2405233788724264,1.0823552049259189,-0.8418318260534924,0.300654223590533,1.4431402732345584,-1.1424860496440254,0.300654223590533,1.4431402732345584,-1.1424860496440254
PLTR,1321655,2023-02-21,0001321655-23-000011,pltr-20221231.htm,80920,0.12357884330202669,1.4829461196243203,-1.3593672763222935,0.12357884330202669,2.0390509144834406,-1.9154720711814137,0.12357884330202669,1.4829461196243203,-1.3593672763222935,0.12357884330202669,1.4829461196243203,-1.3593672763222935,0.12357884330202669,2.0390509144834406,-1.9154720711814137,0.12357884330202669,2.0390509144834406,-1.9154720711814137
COST,909832,2025-10-08,0000909832-25-000101,cost-20250831.htm,32040,0.6242197253433208,2.184769038701623,-1.560549313358302,0.6242197253433208,2.184769038701623,-1.560549313358302,0.6242197253433208,2.184769038701623,-1.560549313358302,0.6242197253433208,2.184769038701623,-1.560549313358302,0.6242197253433208,2.184769038701623,-1.560549313358302,0.6242197253433208,2.184769038701623,-1.560549313358302
COST,909832,2024-10-09,0000909832-24-000049,cost-20240901.htm,32825,0.6092916984006093,2.437166793602437,-1.827875095201828,0.6092916984006093,2.437166793602437,-1.827875095201828,0.6092916984006093,2.437166793602437,-1.827875095201828,0.6092916984006093,2.437166793602437,-1.827875095201828,0.6092916984006093,2.437166793602437,-1.827875095201828,0.6092916984006093,2.437166793602437,-1.827875095201828
COST,909832,2023-10-11,0000909832-23-000042,cost-20230903.htm,31502,0.6348803250587264,0.9523204875880895,-0.3174401625293632,0.6348803250587264,0.9523204875880895,-0.3174401625293632,0.6348803250587264,0.9523204875880895,-0.3174401625293632,0.6348803250587264,0.9523204875880895,-0.3174401625293632,0.6348803250587264,0.9523204875880895,-0.3174401625293632,0.6348803250587264,0.9523204875880895,-0.3174401625293632
HD,354950,2025-03-21,0000354950-25-000085,hd-20250202.htm,50615,0.0,0.5927096710461326,-0.5927096710461326,0.0,0.691494616220488,-0.691494616220488,0.0,0.5927096710461326,-0.5927096710461326,0.0,0.5927096710461326,-0.5927096710461326,0.0,0.691494616220488,-0.691494616220488,0.0,0.691494616220488,-0.691494616220488
HD,354950,2024-03-13,0000354950-24-000062,hd-20240128.htm,46451,1.7222449462874858,4.090331747432779,-2.368086801145293,2.4757271102882608,5.166734838862458,-2.6910077285741965,1.7222449462874858,4.090331747432779,-2.368086801145293,1.7222449462874858,4.090331747432779,-2.368086801145293,2.4757271102882608,5.166734838862458,-2.6910077285741965,2.4757271102882608,5.166734838862458,-2.6910077285741965
HD,354950,2023-03-15,0000354950-23-000059,hd-20230129.htm,44971,2.4460207689399835,3.78021391563452,-1.3341931466945365,3.5578483911854306,4.892041537879967,-1.3341931466945365,2.4460207689399835,3.78021391563452,-1.3341931466945365,2.4460207689399835,3.78021391563452,-1.3341931466945365,3.5578483911854306,4.892041537879967,-1.3341931466945365,3.5578483911854306,4.892041537879967,-1.3341931466945365
ABBV,1551152,2025-02-14,0001551152-25-000020,abbv-20241231.htm,68586,2.7702446563438605,0.5832094013355495,2.1870352550083108,3.426355232846354,0.729011751669437,2.6973434811769166,2.7702446563438605,0.5832094013355495,2.1870352550083108,2.7702446563438605,0.5832094013355495,2.1870352550083108,3.426355232846354,0.729011751669437,2.6973434811769166,3.426355232846354,0.729011751669437,2.6973434811769166
ABBV,1551152,2024-02-20,0001551152-24-000011,abbv-20231231.htm,66079,2.8753461765462554,0.756670046459541,2.1186761300867145,3.556349218359842,0.9836710603974032,2.572678157962439,2.8753461765462554,0.756670046459541,2.1186761300867145,2.8753461765462554,0.756670046459541,2.1186761300867145,3.556349218359842,0.9836710603974032,2.572678157962439,3.556349218359842,0.9836710603974032,2.572678157962439
ABBV,1551152,2023-02-17,0001551152-23-000011,abbv-20221231.htm,65377,1.835507900331921,0.7647949584716338,1.0707129418602872,2.1414258837205744,1.0707129418602872,1.0707129418602872,1.835507900331921,0.7647949584716338,1.0707129418602872,1.835507900331921,0.7647949584716338,1.0707129418602872,2.1414258837205744,1.0707129418602872,1.0707129418602872,2.1414258837205744,1.0707129418602872,1.0707129418602872
BAC,70858,2025-02-25,0000070858-25-000139,bac-20241231.htm,147391,1.221241459790625,1.221241459790625,0.0,1.3569349553229166,1.6622453202705727,-0.30531036494765623,1.4247817030890624,1.221241459790625,0.20354024329843748,1.6283219463874998,1.221241459790625,0.40708048659687496,1.560475198621354,1.6622453202705727,-0.10177012164921874,1.7640154419197915,1.6622453202705727,0.10177012164921874
PG,80424,2025-08-04,0000080424-25-000076,pg-20250630.htm,48468,0.41264339357926877,1.8568952711067095,-1.4442518775274407,0.6189650903689031,2.682182058265247,-2.0632169678963437,0.41264339357926877,1.8568952711067095,-1.4442518775274407,0.41264339357926877,1.8568952711067095,-1.4442518775274407,0.6189650903689031,2.682182058265247,-2.0632169678963437,0.6189650903689031,2.682182058265247,-2.0632169678963437
PG,80424,2024-08-05,0000080424-24-000083,pg-20240630.htm,47884,0.4176760504552669,1.879542227048701,-1.4618661765934342,0.6265140756829004,2.714894327959235,-2.0883802522763344,0.4176760504552669,1.879542227048701,-1.4618661765934342,0.4176760504552669,1.879542227048701,-1.4618661765934342,0.6265140756829004,2.714894327959235,-2.0883802522763344,0.6265140756829004,2.714894327959235,-2.0883802522763344
PG,80424,2023-08-04,0000080424-23-000073,pg-20230630.htm,47188,0.6357548529287107,1.695346274476562,-1.0595914215478512,0.953632279393066,2.4370602695600576,-1.4834279901669918,0.6357548529287107,1.695346274476562,-1.0595914215478512,0.6357548529287107,1.695346274476562,-1.0595914215478512,0.953632279393066,2.4370602695600576,-1.4834279901669918,0.953632279393066,2.4370602695600576,-1.4834279901669918
CVX,93410,2025-02-21,0000093410-25-000009,cvx-20241231.htm,78254,10.223119584941344,3.450302859917704,6.772816725023641,13.801211439670816,4.919876300253022,8.881335139417793,10.925959056406063,3.450302859917704,7.475656196488359,11.62879852787078,3.450302859917704,8.178495667953076,14.759628900759067,4.919876300253022,9.839752600506044,15.718046361847318,4.919876300253022,10.798170061594295
CVX,93410,2024-02-26,0000093410-24-000013,cvx-20231231.htm,77546,11.090191628194878,3.481804348386764,7.608387279808114,14.829907409795476,4.964795089366311,9.865112320429164,11.670492352926004,3.481804348386764,8.188688004539241,12.250793077657132,3.481804348386764,8.768988729270369,15.603641709436978,4.964795089366311,10.638846620070668,16.377376009078482,4.964795089366311,11.41258091971217
CVX,93410,2023-02-23,0000093410-23-000009,cvx-20221231.htm,73758,12.608801757097535,3.6606198649638,8.948181892133734,15.388161284199679,5.151983513652755,10.236177770546922,13.218905067924833,3.6606198649638,9.558285202961034,13.829008378752134,3.6606198649638,10.168388513788333,16.099948480164862,5.151983513652755,10.947964966512107,16.811735676130045,5.151983513652755,11.65975216247729
GE,40545,2025-02-03,0000040545-25-000015,ge-20241231.htm,67745,0.590449479666396,0.590449479666396,0.0,0.590449479666396,0.590449479666396,0.0,0.738061849582995,0.590449479666396,0.147612369916599,0.8856742194995941,0.590449479666396,0.295224739833198,0.738061849582995,0.590449479666396,0.147612369916599,0.8856742194995941,0.590449479666396,0.295224739833198
GE,40545,2024-02-02,0000040545-24-000027,ge-20231231.htm,72678,27.931423539447977,1.1007457552491813,26.830677784198794,27.931423539447977,1.1007457552491813,26.830677784198794,31.09606758578937,1.1007457552491813,29.99532183054019,34.260711632130764,1.1007457552491813,33.159965876881586,31.09606758578937,1.1007457552491813,29.99532183054019,34.260711632130764,1.1007457552491813,33.159965876881586
GE,40545,2023-02-10,0000040545-23-000023,ge-20221231.htm,75766,24.153314151466354,1.0558825858564527,23.097431565609902,24.153314151466354,1.0558825858564527,23.097431565609902,26.133093999947203,1.0558825858564527,25.07721141409075,28.112873848428052,1.0558825858564527,27.0569912625716,26.133093999947203,1.0558825858564527,25.07721141409075,28.112873848428052,1.0558825858564527,27.0569912625716
TMUS,1283699,2025-01-31,0001283699-25-000012,tmus-20241231.htm,77989,1.025785687725192,1.025785687725192,0.0,1.538678531587788,1.2181205041736656,0.32055802741412254,1.025785687725192,1.025785687725192,0.0,1.025785687725192,1.025785687725192,0.0,1.538678531587788,1.2181205041736656,0.32055802741412254,1.538678531587788,1.2181205041736656,0.32055802741412254
TMUS,1283699,2024-02-02,0001283699-24-000008,tmus-20231231.htm,76438,1.5698997880635286,1.4390748057249012,0.13082498233862738,2.354849682095293,1.6353122792328423,0.7195374028624506,1.6353122792328423,1.4390748057249012,0.19623747350794107,1.700724770402156,1.4390748057249012,0.26164996467725476,2.4529684188492635,1.6353122792328423,0.8176561396164211,2.551087155603234,1.6353122792328423,0.9157748763703917
TMUS,1283699,2023-02-14,0001283699-23-000016,tmus-20221231.htm,79584,2.387414555689586,1.1308805790108565,1.2565339766787296,3.5811218335343793,1.2565339766787296,2.3245878568556497,2.5758946521913955,1.1308805790108565,1.445014073180539,2.764374748693205,1.1308805790108565,1.6334941696823484,3.8638419782870934,1.2565339766787296,2.607308001608364,4.146562123039807,1.2565339766787296,2.890028146361078
KO,21344,2025-02-20,0000021344-25-000011,ko-20241231.htm,96563,0.31067800296179693,1.2427120118471877,-0.9320340088853908,0.4660170044426954,1.6569493491295837,-1.1909323446868882,0.31067800296179693,1.2427120118471877,-0.9320340088853908,0.31067800296179693,1.2427120118471877,-0.9320340088853908,0.4660170044426954,1.6569493491295837,-1.1909323446868882,0.4660170044426954,1.6569493491295837,-1.1909323446868882
KO,21344,2024-02-20,0000021344-24-000009,ko-20231231.htm,96648,0.4138730237563116,1.4485555831470904,-1.034682559390779,0.6208095356344674,1.914162734872941,-1.2933531992384737,0.4138730237563116,1.4485555831470904,-1.034682559390779,0.4138730237563116,1.4485555831470904,-1.034682559390779,0.6208095356344674,1.914162734872941,-1.2933531992384737,0.6208095356344674,1.914162734872941,-1.2933531992384737
KO,21344,2023-02-21,0000021344-23-000011,ko-20221231.htm,97639,0.40967236452646993,1.3314351847110273,-0.9217628201845574,0.6145085467897049,1.7411075492374972,-1.1265990024477923,0.40967236452646993,1.3314351847110273,-0.9217628201845574,0.40967236452646993,1.3314351847110273,-0.9217628201845574,0.6145085467897049,1.7411075492374972,-1.1265990024477923,0.6145085467897049,1.7411075492374972,-1.1265990024477923
UNH,731766,2025-02-27,0000731766-25-000063,unh-20241231.htm,49744,0.40205853972338373,0.20102926986169187,0.20102926986169187,0.6030878095850756,0.3015439047925378,0.3015439047925378,0.40205853972338373,0.20102926986169187,0.20102926986169187,0.40205853972338373,0.20102926986169187,0.20102926986169187,0.6030878095850756,0.3015439047925378,0.3015439047925378,0.6030878095850756,0.3015439047925378,0.3015439047925378
UNH,731766,2024-02-28,0000731766-24-000081,unh-20231231.htm,48930,0.0,0.4087471898630697,-0.4087471898630697,0.0,0.5109339873288371,-0.5109339873288371,0.0,0.4087471898630697,-0.4087471898630697,0.0,0.4087471898630697,-0.4087471898630697,0.0,0.5109339873288371,-0.5109339873288371,0.0,0.5109339873288371,-0.5109339873288371
UNH,731766,2023-02-24,0000731766-23-000008,unh-20221231.htm,47928,0.0,0.41729260557502923,-0.41729260557502923,0.0,0.5216157569687865,-0.5216157569687865,0.0,0.41729260557502923,-0.41729260557502923,0.0,0.41729260557502923,-0.41729260557502923,0.0,0.5216157569687865,-0.5216157569687865,0.0,0.5216157569687865,-0.5216157569687865
CSCO,858877,2025-09-03,0000858877-25-000111,csco-20250726.htm,63804,0.470189956742524,0.470189956742524,0.0,0.705284935113786,0.6269199423233653,0.07836499279042067,0.470189956742524,0.470189956742524,0.0,0.470189956742524,0.470189956742524,0.0,0.705284935113786,0.6269199423233653,0.07836499279042067,0.705284935113786,0.6269199423233653,0.07836499279042067
CSCO,858877,2024-09-05,0000858877-24-000017,csco-20240727.htm,65939,0.4549659533811553,3.0331063558743687,-2.5781404024932133,0.6824489300717329,4.473831874914694,-3.791382944842961,0.4549659533811553,3.0331063558743687,-2.5781404024932133,0.4549659533811553,3.0331063558743687,-2.5781404024932133,0.6824489300717329,4.473831874914694,-3.791382944842961,0.6824489300717329,4.473831874914694,-3.791382944842961
CSCO,858877,2023-09-07,0000858877-23-000023,csco-20230729.htm,62975,1.11155220325526,3.493449781659389,-2.381897578404129,1.6673283048828902,5.160778086542279,-3.493449781659389,1.11155220325526,3.493449781659389,-2.381897578404129,1.11155220325526,3.493449781659389,-2.381897578404129,1.6673283048828902,5.160778086542279,-3.493449781659389,1.6673283048828902,5.160778086542279,-3.493449781659389
AMD,2488,2025-02-05,0000002488-25-000012,amd-20241228.htm,59161,1.3522421865756158,1.0141816399317118,0.33806054664390395,2.0283632798634237,1.3522421865756158,0.6761210932878079,1.3522421865756158,1.0141816399317118,0.33806054664390395,1.3522421865756158,1.0141816399317118,0.33806054664390395,2.0283632798634237,1.3522421865756158,0.6761210932878079,2.0283632798634237,1.3522421865756158,0.6761210932878079
AMD,2488,2024-01-31,0000002488-24-000012,amd-20231230.htm,62023,1.2898440900956096,0.6449220450478048,0.6449220450478048,1.9347661351434144,0.8867678119407316,1.0479983232026828,1.2898440900956096,0.6449220450478048,0.6449220450478048,1.2898440900956096,0.6449220450478048,0.6449220450478048,1.9347661351434144,0.8867678119407316,1.0479983232026828,1.9347661351434144,0.8867678119407316,1.0479983232026828
AMD,2488,2023-02-27,0000002488-23-000047,amd-20221231.htm,62070,0.16110842597067826,0.4833252779120348,-0.3222168519413565,0.2416626389560174,0.644433703882713,-0.4027710649266957,0.16110842597067826,0.4833252779120348,-0.3222168519413565,0.16110842597067826,0.4833252779120348,-0.3222168519413565,0.2416626389560174,0.644433703882713,-0.4027710649266957,0.2416626389560174,0.644433703882713,-0.4027710649266957
WFC,72971,2025-02-25,0000072971-25-000066,wfc-20241231.htm,24040,0.0,1.2479201331114809,-1.2479201331114809,0.0,1.8718801996672214,-1.8718801996672214,0.0,1.2479201331114809,-1.2479201331114809,0.0,1.2479201331114809,-1.2479201331114809,0.0,1.8718801996672214,-1.8718801996672214,0.0,1.8718801996672214,-1.8718801996672214
WFC,72971,2024-02-20,0000072971-24-000064,wfc-20231231.htm,24445,0.0,0.8181632235631008,-0.8181632235631008,0.0,1.2272448353446512,-1.2272448353446512,0.0,0.8181632235631008,-0.8181632235631008,0.0,0.8181632235631008,-0.8181632235631008,0.0,1.2272448353446512,-1.2272448353446512,0.0,1.2272448353446512,-1.2272448353446512
IBM,51143,2025-02-25,0000051143-25-000015,ibm-20241231.htm,21725,0.0,0.0,0.0,0.0,0.0,0.0,0.0,0.0,0.0,0.0,0.0,0.0,0.0,0.0,0.0,0.0,0.0,0.0
IBM,51143,2024-02-26,0000051143-24-000012,ibm-20231231.htm,21206,0.0,0.0,0.0,0.0,0.0,0.0,0.0,0.0,0.0,0.0,0.0,0.0,0.0,0.0,0.0,0.0,0.0,0.0
IBM,51143,2023-02-28,0001558370-23-002376,ibm-20221231x10k.htm,20473,0.0,0.0,0.0,0.0,0.0,0.0,0.0,0.0,0.0,0.0,0.0,0.0,0.0,0.0,0.0,0.0,0.0,0.0
MS,895421,2025-02-21,0000895421-25-000304,ms-20241231.htm,127817,0.6258948340205137,1.5647370850512843,-0.9388422510307706,0.6258948340205137,1.5647370850512843,-0.9388422510307706,0.6258948340205137,1.5647370850512843,-0.9388422510307706,0.6258948340205137,1.5647370850512843,-0.9388422510307706,0.6258948340205137,1.5647370850512843,-0.9388422510307706,0.6258948340205137,1.5647370850512843,-0.9388422510307706
PM,1413329,2025-02-06,0001413329-25-000013,pm-20241231.htm,97153,0.1029304293228207,0.6175825759369242,-0.5146521466141035,0.15439564398423106,0.8234434345825656,-0.6690477905983345,0.1029304293228207,0.6175825759369242,-0.5146521466141035,0.1029304293228207,0.6175825759369242,-0.5146521466141035,0.15439564398423106,0.8234434345825656,-0.6690477905983345,0.15439564398423106,0.8234434345825656,-0.6690477905983345
PM,1413329,2024-02-08,0001413329-24-000013,pm-20231231.htm,99526,0.30142877238108634,0.803810059682897,-0.5023812873018106,0.3516669011112674,1.0047625746036213,-0.6530956734923538,0.30142877238108634,0.803810059682897,-0.5023812873018106,0.30142877238108634,0.803810059682897,-0.5023812873018106,0.3516669011112674,1.0047625746036213,-0.6530956734923538,0.3516669011112674,1.0047625746036213,-0.6530956734923538
PM,1413329,2023-02-10,0001413329-23-000025,pm-20221231.htm,90928,0.329931374274151,0.9897941228224529,-0.659862748548302,0.38491993665317614,1.374714059475629,-0.9897941228224529,0.329931374274151,0.9897941228224529,-0.659862748548302,0.329931374274151,0.9897941228224529,-0.659862748548302,0.38491993665317614,1.374714059475629,-0.9897941228224529,0.38491993665317614,1.374714059475629,-0.9897941228224529
GS,886982,2025-02-27,0000886982-25-000005,gs-20241231.htm,181019,1.270584855733376,2.15446997276529,-0.8838851170319137,1.6020417746203437,3.0659764997044507,-1.463934725084107,1.3258276755478706,2.15446997276529,-0.8286422972174191,1.3810704953623651,2.15446997276529,-0.7733994774029245,1.6572845944348382,3.0659764997044507,-1.4086919052696125,1.712527414249333,3.0659764997044507,-1.353449085455118
APP,1751008,2025-02-27,0001751008-25-000018,app-20241231.htm,72870,0.41169205434335115,0.41169205434335115,0.0,0.6175380815150268,0.5489227391244682,0.06861534239055853,0.41169205434335115,0.41169205434335115,0.0,0.41169205434335115,0.41169205434335115,0.0,0.6175380815150268,0.5489227391244682,0.06861534239055853,0.6175380815150268,0.5489227391244682,0.06861534239055853
APP,1751008,2024-02-26,0001751008-24-000012,app-20231231.htm,79564,0.37705494947463675,0.37705494947463675,0.0,0.5655824242119551,0.5655824242119551,0.0,0.37705494947463675,0.37705494947463675,0.0,0.37705494947463675,0.37705494947463675,0.0,0.5655824242119551,0.5655824242119551,0.0,0.5655824242119551,0.5655824242119551,0.0
APP,1751008,2023-02-28,0001751008-23-000006,app-20221231.htm,82157,0.3651545212215636,0.608590868702606,-0.2434363474810424,0.5477317818323454,0.9128863030539089,-0.3651545212215636,0.3651545212215636,0.608590868702606,-0.2434363474810424,0.3651545212215636,0.608590868702606,-0.2434363474810424,0.5477317818323454,0.9128863030539089,-0.3651545212215636,0.5477317818323454,0.9128863030539089,-0.3651545212215636
AXP,4962,2025-02-07,0000004962-25-000016,axp-20241231.htm,98309,0.20344017333102768,2.3395619933068184,-2.1361218199757905,0.20344017333102768,2.8990224699671443,-2.695582296636117,0.2543002166637846,2.3395619933068184,-2.085261776643034,0.3051602599965415,2.3395619933068184,-2.034401733310277,0.2543002166637846,2.8990224699671443,-2.64472225330336,0.3051602599965415,2.8990224699671443,-2.593862209970603
AXP,4962,2024-02-09,0000004962-24-000013,axp-20231231.htm,96092,0.10406693585314074,3.7464096907130666,-3.642342754859926,0.10406693585314074,4.943179453024185,-4.839112517171045,0.1561004037797111,3.7464096907130666,-3.5903092869333553,0.20813387170628148,3.7464096907130666,-3.538275819006785,0.1561004037797111,4.943179453024185,-4.787079049244474,0.20813387170628148,4.943179453024185,-4.7350455813179035
AXP,4962,2023-02-10,0000004962-23-000006,axp-20221231.htm,91004,0.10988527976792228,3.1866731132697463,-3.076787833501824,0.10988527976792228,4.120697991297086,-4.010812711529163,0.16482791965188343,3.1866731132697463,-3.021845193617863,0.21977055953584457,3.1866731132697463,-2.9669025537339015,0.16482791965188343,4.120697991297086,-3.955870071645202,0.21977055953584457,4.120697991297086,-3.9009274317612412
CRM,1108524,2025-03-05,0001108524-25-000006,crm-20250131.htm,61478,0.0,2.60255701226455,-2.60255701226455,0.0,3.8225056117635576,-3.8225056117635576,0.0,2.60255701226455,-2.60255701226455,0.0,2.60255701226455,-2.60255701226455,0.0,3.8225056117635576,-3.8225056117635576,0.0,3.8225056117635576,-3.8225056117635576
CRM,1108524,2024-03-06,0001108524-24-000005,crm-20240131.htm,61910,0.4845743821676627,5.653367791956065,-5.168793409788402,0.726861573251494,8.318526893878209,-7.591665320626716,0.5653367791956065,5.653367791956065,-5.088031012760458,0.6460991762235503,5.653367791956065,-5.007268615732515,0.8480051687934097,8.318526893878209,-7.4705217250848,0.9691487643353254,8.318526893878209,-7.349378129542885
ABT,1800,2025-02-21,0001628280-25-007110,abt-20241231.htm,51484,1.1654106130059825,0.9711755108383187,0.19423510216766374,1.1654106130059825,1.2625281640898143,-0.09711755108383187,1.1654106130059825,0.9711755108383187,0.19423510216766374,1.1654106130059825,0.9711755108383187,0.19423510216766374,1.1654106130059825,1.2625281640898143,-0.09711755108383187,1.1654106130059825,1.2625281640898143,-0.09711755108383187
ABT,1800,2024-02-16,0001628280-24-005348,abt-20231231.htm,52569,1.1413570735604635,0.9511308946337195,0.1902261789267439,1.1413570735604635,1.2364701630238353,-0.09511308946337195,1.1413570735604635,0.9511308946337195,0.1902261789267439,1.1413570735604635,0.9511308946337195,0.1902261789267439,1.1413570735604635,1.2364701630238353,-0.09511308946337195,1.1413570735604635,1.2364701630238353,-0.09511308946337195
ABT,1800,2023-02-17,0001628280-23-004026,abt-20221231.htm,50991,1.3727912768920005,0.9805651977800003,0.39222607911200014,1.4708477966700004,1.2747347571140004,0.19611303955600007,1.3727912768920005,0.9805651977800003,0.39222607911200014,1.3727912768920005,0.9805651977800003,0.39222607911200014,1.4708477966700004,1.2747347571140004,0.19611303955600007,1.4708477966700004,1.2747347571140004,0.19611303955600007
LIN,1707925,2025-02-26,0001628280-25-007990,lin-20241231.htm,55891,2.683795244314827,0.1789196829543218,2.5048755613605054,3.93623302499508,0.1789196829543218,3.7573133420407583,2.773255085791988,0.1789196829543218,2.5943354028376664,2.862714927269149,0.1789196829543218,2.683795244314827,4.070422787210822,0.1789196829543218,3.8915031042564996,4.204612549426563,0.1789196829543218,4.025692866472241
LIN,1707925,2024-02-28,0001628280-24-007424,lin-20231231.htm,56032,2.3201027984009137,0.35693889206167906,1.9631639063392348,3.390919474585951,0.35693889206167906,3.033980582524272,2.4093375214163335,0.35693889206167906,2.052398629354655,2.4985722444317533,0.35693889206167906,2.141633352370074,3.5247715591090807,0.35693889206167906,3.1678326670474015,3.65862364363221,0.35693889206167906,3.3016847515705314
LIN,1707925,2023-02-28,0001628280-23-005434,lin-20221231.htm,54866,2.187146866912113,0.729048955637371,1.458097911274742,3.189589180913498,0.729048955637371,2.4605402252761275,2.187146866912113,0.729048955637371,1.458097911274742,2.187146866912113,0.729048955637371,1.458097911274742,3.189589180913498,0.729048955637371,2.4605402252761275,3.189589180913498,0.729048955637371,2.4605402252761275
CAT,18230,2025-02-14,0000018230-25-000008,cat-20241231.htm,72665,1.6514140232574142,1.2385605174430607,0.41285350581435354,1.9266496938003166,1.376178352714512,0.5504713410858048,1.6514140232574142,1.2385605174430607,0.41285350581435354,1.6514140232574142,1.2385605174430607,0.41285350581435354,1.9266496938003166,1.376178352714512,0.5504713410858048,1.9266496938003166,1.376178352714512,0.5504713410858048
CAT,18230,2024-02-16,0000018230-24-000009,cat-20231231.htm,72456,1.9322071326046153,1.6561775422325273,0.2760295903720879,2.346251518162747,2.139229325383681,0.20702219277906592,1.9322071326046153,1.6561775422325273,0.2760295903720879,1.9322071326046153,1.6561775422325273,0.2760295903720879,2.346251518162747,2.139229325383681,0.20702219277906592,2.346251518162747,2.139229325383681,0.20702219277906592
CAT,18230,2023-02-15,0000018230-23-000011,cat-20221231.htm,72977,2.0554421256012168,1.6443537004809734,0.41108842512024335,2.5350452882415007,2.1239568631212573,0.41108842512024335,2.0554421256012168,1.6443537004809734,0.41108842512024335,2.0554421256012168,1.6443537004809734,0.41108842512024335,2.5350452882415007,2.1239568631212573,0.41108842512024335,2.5350452882415007,2.1239568631212573,0.41108842512024335
RTX,101829,2025-02-03,0000101829-25-000005,rtx-20241231.htm,92961,0.0,0.968147933004163,-0.968147933004163,0.0,1.2908639106722173,-1.2908639106722173,0.0,0.968147933004163,-0.968147933004163,0.0,0.968147933004163,-0.968147933004163,0.0,1.2908639106722173,-1.2908639106722173,0.0,1.2908639106722173,-1.2908639106722173
RTX,101829,2024-02-05,0000101829-24-000008,rtx-20231231.htm,87064,0.34457410640448405,1.0337223192134521,-0.6891482128089681,0.4594321418726454,1.3782964256179362,-0.9188642837452908,0.34457410640448405,1.0337223192134521,-0.6891482128089681,0.34457410640448405,1.0337223192134521,-0.6891482128089681,0.4594321418726454,1.3782964256179362,-0.9188642837452908,0.4594321418726454,1.3782964256179362,-0.9188642837452908
RTX,101829,2023-02-07,0000101829-23-000009,rtx-20221231.htm,89960,0.444642063139173,0.7781236104935527,-0.33348154735437974,0.5558025789239662,1.0004446420631392,-0.444642063139173,0.444642063139173,0.7781236104935527,-0.33348154735437974,0.444642063139173,0.7781236104935527,-0.33348154735437974,0.5558025789239662,1.0004446420631392,-0.444642063139173,0.5558025789239662,1.0004446420631392,-0.444642063139173
BX,1393818,2025-02-28,0001193125-25-042469,d912273d10k.htm,157860,0.25338907893069806,1.2035981249208159,-0.9502090459901178,0.34840998352970987,1.5520081084505257,-1.2035981249208159,0.25338907893069806,1.2035981249208159,-0.9502090459901178,0.25338907893069806,1.2035981249208159,-0.9502090459901178,0.34840998352970987,1.5520081084505257,-1.2035981249208159,0.34840998352970987,1.5520081084505257,-1.2035981249208159
BX,1393818,2024-02-23,0001193125-24-044485,d734131d10k.htm,158663,0.1890799997478933,3.5294933286273418,-3.3404133288794484,0.28361999962184,5.0736466599018035,-4.790026660279964,0.1890799997478933,3.5294933286273418,-3.3404133288794484,0.1890799997478933,3.5294933286273418,-3.3404133288794484,0.28361999962184,5.0736466599018035,-4.790026660279964,0.28361999962184,5.0736466599018035,-4.790026660279964
BX,1393818,2023-02-24,0001193125-23-048733,d459795d10k.htm,159301,0.2510969799310739,5.461359313500857,-5.210262333569783,0.3452583474052266,7.972329112811596,-7.627070765406369,0.2510969799310739,5.461359313500857,-5.210262333569783,0.2510969799310739,5.461359313500857,-5.210262333569783,0.3452583474052266,7.972329112811596,-7.627070765406369,0.3452583474052266,7.972329112811596,-7.627070765406369
MCD,63908,2025-02-25,0000063908-25-000012,mcd-20241231.htm,43613,0.0,3.4393414807511524,-3.4393414807511524,0.0,3.4393414807511524,-3.4393414807511524,0.0,3.4393414807511524,-3.4393414807511524,0.0,3.4393414807511524,-3.4393414807511524,0.0,3.4393414807511524,-3.4393414807511524,0.0,3.4393414807511524,-3.4393414807511524
MCD,63908,2024-02-22,0000063908-24-000072,mcd-20231231.htm,42260,0.0,4.022716516800758,-4.022716516800758,0.0,4.022716516800758,-4.022716516800758,0.0,4.022716516800758,-4.022716516800758,0.0,4.022716516800758,-4.022716516800758,0.0,4.022716516800758,-4.022716516800758,0.0,4.022716516800758,-4.022716516800758
MCD,63908,2023-02-24,0000063908-23-000012,mcd-20221231.htm,41211,0.0,6.308995171192158,-6.308995171192158,0.0,6.308995171192158,-6.308995171192158,0.0,6.308995171192158,-6.308995171192158,0.0,6.308995171192158,-6.308995171192158,0.0,6.308995171192158,-6.308995171192158,0.0,6.308995171192158,-6.308995171192158
T,732717,2025-02-12,0000732717-25-000013,t-20241231.htm,62004,0.32255983484936457,0.6451196696987291,-0.32255983484936457,0.32255983484936457,0.7257596284110703,-0.4031997935617057,0.32255983484936457,0.6451196696987291,-0.32255983484936457,0.32255983484936457,0.6451196696987291,-0.32255983484936457,0.32255983484936457,0.7257596284110703,-0.4031997935617057,0.32255983484936457,0.7257596284110703,-0.4031997935617057
T,732717,2024-02-23,0000732717-24-000009,t-20231231.htm,66039,0.908554036251306,0.757128363542755,0.151425672708551,1.2871182180226834,0.908554036251306,0.3785641817713775,0.908554036251306,0.757128363542755,0.151425672708551,0.908554036251306,0.757128363542755,0.151425672708551,1.2871182180226834,0.908554036251306,0.3785641817713775,1.2871182180226834,0.908554036251306,0.3785641817713775
T,732717,2023-02-13,0000732717-23-000011,t-20221231.htm,68362,0.877680582779907,0.7314004856499224,0.1462800971299845,1.2433808256048682,0.877680582779907,0.3657002428249612,0.877680582779907,0.7314004856499224,0.1462800971299845,0.877680582779907,0.7314004856499224,0.1462800971299845,1.2433808256048682,0.877680582779907,0.3657002428249612,1.2433808256048682,0.877680582779907,0.3657002428249612
DIS,1744489,2025-11-13,0001744489-25-000155,dis-20250927.htm,71360,0.4204035874439461,0.5605381165919282,-0.14013452914798205,0.4204035874439461,0.7707399103139013,-0.35033632286995514,0.49047085201793716,0.5605381165919282,-0.07006726457399103,0.5605381165919282,0.5605381165919282,0.0,0.49047085201793716,0.7707399103139013,-0.2802690582959641,0.5605381165919282,0.7707399103139013,-0.21020179372197306
DIS,1744489,2024-11-14,0001744489-24-000276,dis-20240928.htm,72304,0.2766098694401416,0.5532197388802832,-0.2766098694401416,0.2766098694401416,0.7606771409603894,-0.4840672715202478,0.4149148041602124,0.5532197388802832,-0.1383049347200708,0.5532197388802832,0.5532197388802832,0.0,0.4149148041602124,0.7606771409603894,-0.345762336800177,0.5532197388802832,0.7606771409603894,-0.2074574020801062
DIS,1744489,2024-01-24,0001744489-24-000064,dis-20230930.htm,37122,0.2693820376057324,2.6938203760573245,-2.424438338451592,0.2693820376057324,2.6938203760573245,-2.424438338451592,0.2693820376057324,2.6938203760573245,-2.424438338451592,0.2693820376057324,2.6938203760573245,-2.424438338451592,0.2693820376057324,2.6938203760573245,-2.424438338451592,0.2693820376057324,2.6938203760573245,-2.424438338451592
MRK,310158,2025-02-25,0001628280-25-007732,mrk-20241231.htm,99154,3.025596546785808,0.8068257458095488,2.2187708009762592,3.025596546785808,0.8068257458095488,2.2187708009762592,3.1768763741250985,0.8068257458095488,2.37005062831555,3.3281562014643886,0.8068257458095488,2.52133045565484,3.1768763741250985,0.8068257458095488,2.37005062831555,3.3281562014643886,0.8068257458095488,2.52133045565484
MRK,310158,2024-04-11,0001193125-24-093194,d807955d10ka.htm,4682,0.0,0.0,0.0,0.0,0.0,0.0,0.0,0.0,0.0,0.0,0.0,0.0,0.0,0.0,0.0,0.0,0.0,0.0
MRK,310158,2024-02-26,0001628280-24-006850,mrk-20231231.htm,97975,2.7558050523092623,3.572339882623118,-0.8165348303138555,2.7558050523092623,3.623373309517734,-0.8675682572084715,2.9089053329931103,3.572339882623118,-0.6634345496300076,3.0620056136769582,3.572339882623118,-0.5103342689461597,2.9089053329931103,3.623373309517734,-0.7144679765246236,3.0620056136769582,3.623373309517734,-0.5613676958407757
NOW,1373715,2025-01-30,0001373715-25-000010,now-20241231.htm,50855,0.0,5.505849965588438,-5.505849965588438,0.0,8.06213744961164,-8.06213744961164,0.0,5.505849965588438,-5.505849965588438,0.0,5.505849965588438,-5.505849965588438,0.0,8.06213744961164,-8.06213744961164,0.0,8.06213744961164,-8.06213744961164
NOW,1373715,2024-01-25,0001373715-24-000030,now-20231231.htm,49141,0.0,7.325858244642966,-7.325858244642966,0.0,10.887039335788852,-10.887039335788852,0.0,7.325858244642966,-7.325858244642966,0.0,7.325858244642966,-7.325858244642966,0.0,10.887039335788852,-10.887039335788852,0.0,10.887039335788852,-10.887039335788852
NOW,1373715,2023-01-31,0001373715-23-000035,now-20221231.htm,50193,0.597692905385213,7.371545833084294,-6.773852927699081,0.8965393580778196,10.858087781164704,-9.961548423086883,0.597692905385213,7.371545833084294,-6.773852927699081,0.597692905385213,7.371545833084294,-6.773852927699081,0.8965393580778196,10.858087781164704,-9.961548423086883,0.8965393580778196,10.858087781164704,-9.961548423086883
UBER,1543151,2025-02-14,0001543151-25-000008,uber-20241231.htm,96909,0.619137541404823,0.4127583609365487,0.20637918046827436,0.877111516990166,0.5159479511706859,0.3611635658194801,0.619137541404823,0.4127583609365487,0.20637918046827436,0.619137541404823,0.4127583609365487,0.20637918046827436,0.877111516990166,0.5159479511706859,0.3611635658194801,0.877111516990166,0.5159479511706859,0.3611635658194801
UBER,1543151,2024-02-15,0001543151-24-000012,uber-20231231.htm,102874,1.0692692031028248,0.7776503295293271,0.2916188735734977,1.603903804654237,0.9720629119116588,0.6318408927425783,1.0692692031028248,0.7776503295293271,0.2916188735734977,1.0692692031028248,0.7776503295293271,0.2916188735734977,1.603903804654237,0.9720629119116588,0.6318408927425783,1.603903804654237,0.9720629119116588,0.6318408927425783
UBER,1543151,2023-02-21,0001543151-23-000010,uber-20221231.htm,108103,0.832539337483696,1.0175480791467397,-0.18500874166304357,1.2488090062255441,1.2488090062255441,0.0,0.832539337483696,1.0175480791467397,-0.18500874166304357,0.832539337483696,1.0175480791467397,-0.18500874166304357,1.2488090062255441,1.2488090062255441,0.0,1.2488090062255441,1.2488090062255441,0.0
INTU,896878,2025-09-03,0000896878-25-000035,intu-20250731.htm,66154,0.45348731747135473,0.604649756628473,-0.15116243915711824,0.45348731747135473,0.604649756628473,-0.15116243915711824,0.45348731747135473,0.604649756628473,-0.15116243915711824,0.45348731747135473,0.604649756628473,-0.15116243915711824,0.45348731747135473,0.604649756628473,-0.15116243915711824,0.45348731747135473,0.604649756628473,-0.15116243915711824
INTU,896878,2024-09-04,0000896878-24-000039,intu-20240731.htm,67772,0.4426606858289559,1.6230891813728383,-1.1804284955438824,0.4426606858289559,1.6230891813728383,-1.1804284955438824,0.4426606858289559,1.6230891813728383,-1.1804284955438824,0.4426606858289559,1.6230891813728383,-1.1804284955438824,0.4426606858289559,1.6230891813728383,-1.1804284955438824,0.4426606858289559,1.6230891813728383,-1.1804284955438824
INTU,896878,2023-09-01,0000896878-23-000034,intu-20230731.htm,65419,0.6114431587153579,1.3757471071095553,-0.7643039483941974,0.6114431587153579,1.3757471071095553,-0.7643039483941974,0.6114431587153579,1.3757471071095553,-0.7643039483941974,0.6114431587153579,1.3757471071095553,-0.7643039483941974,0.6114431587153579,1.3757471071095553,-0.7643039483941974,0.6114431587153579,1.3757471071095553,-0.7643039483941974
SHOP,1594805,2025-04-29,0001594805-25-000039,shop-20241231.htm,23124,0.0,3.0271579311537797,-3.0271579311537797,0.0,3.0271579311537797,-3.0271579311537797,0.0,3.0271579311537797,-3.0271579311537797,0.0,3.0271579311537797,-3.0271579311537797,0.0,3.0271579311537797,-3.0271579311537797,0.0,3.0271579311537797,-3.0271579311537797
SHOP,1594805,2025-02-11,0001594805-25-000012,shop-20241231.htm,68406,0.0,0.14618600707540275,-0.14618600707540275,0.0,0.14618600707540275,-0.14618600707540275,0.0,0.14618600707540275,-0.14618600707540275,0.0,0.14618600707540275,-0.14618600707540275,0.0,0.14618600707540275,-0.14618600707540275,0.0,0.14618600707540275,-0.14618600707540275
PEP,77476,2025-02-04,0000077476-25-000007,pep-20241228.htm,69830,0.42961477874838894,0.716024631247315,-0.286409852498926,0.6444221681225835,1.0740369468709725,-0.42961477874838894,0.42961477874838894,0.716024631247315,-0.286409852498926,0.42961477874838894,0.716024631247315,-0.286409852498926,0.6444221681225835,1.0740369468709725,-0.42961477874838894,0.6444221681225835,1.0740369468709725,-0.42961477874838894
PEP,77476,2024-02-09,0000077476-24-000008,pep-20231230.htm,69281,0.4330191538805733,0.4330191538805733,0.0,0.6495287308208599,0.6495287308208599,0.0,0.4330191538805733,0.4330191538805733,0.0,0.4330191538805733,0.4330191538805733,0.0,0.6495287308208599,0.6495287308208599,0.0,0.6495287308208599,0.6495287308208599,0.0
PEP,77476,2023-02-09,0000077476-23-000007,pep-20221231.htm,67608,0.5916459590580996,0.5916459590580996,0.0,0.8874689385871494,0.8874689385871494,0.0,0.5916459590580996,0.5916459590580996,0.0,0.5916459590580996,0.5916459590580996,0.0,0.8874689385871494,0.8874689385871494,0.0,0.8874689385871494,0.8874689385871494,0.0
C,831001,2025-02-21,0000831001-25-000067,c-20241231.htm,209197,2.246686137946529,1.0038384871675978,1.2428476507789308,2.246686137946529,1.0038384871675978,1.2428476507789308,2.4856953015578616,1.0038384871675978,1.4818568143902637,2.7247044651691943,1.0038384871675978,1.7208659780015965,2.4856953015578616,1.0038384871675978,1.4818568143902637,2.7247044651691943,1.0038384871675978,1.7208659780015965
TMO,97745,2025-02-20,0000097745-25-000010,tmo-20241231.htm,50697,0.3945006607886068,0.1972503303943034,0.1972503303943034,0.5917509911829102,0.2958754955914551,0.2958754955914551,0.3945006607886068,0.1972503303943034,0.1972503303943034,0.3945006607886068,0.1972503303943034,0.1972503303943034,0.5917509911829102,0.2958754955914551,0.2958754955914551,0.5917509911829102,0.2958754955914551,0.2958754955914551
TMO,97745,2024-02-22,0000097745-24-000007,tmo-20231231.htm,51804,0.3860705737008725,1.9303528685043625,-1.54428229480349,0.5791058605513087,2.5094587290556714,-1.9303528685043625,0.3860705737008725,1.9303528685043625,-1.54428229480349,0.3860705737008725,1.9303528685043625,-1.54428229480349,0.5791058605513087,2.5094587290556714,-1.9303528685043625,0.5791058605513087,2.5094587290556714,-1.9303528685043625
TMO,97745,2023-02-23,0000097745-23-000008,tmo-20221231.htm,51201,0.0,2.734321595281342,-2.734321595281342,0.0,3.3202476514130583,-3.3202476514130583,0.0,2.734321595281342,-2.734321595281342,0.0,2.734321595281342,-2.734321595281342,0.0,3.3202476514130583,-3.3202476514130583,0.0,3.3202476514130583,-3.3202476514130583
VZ,732712,2025-02-12,0000732712-25-000006,vz-20241231.htm,74529,1.744287458573173,0.5367038334071301,1.2075836251660428,2.1468153336285205,0.6037918125830214,1.543023521045499,2.0126393752767378,0.5367038334071301,1.4759355418696078,2.2809912919803033,0.5367038334071301,1.744287458573173,2.4151672503320856,0.6037918125830214,1.811375437749064,2.6835191670356506,0.6037918125830214,2.079727354452629
VZ,732712,2024-02-09,0000732712-24-000010,vz-20231231.htm,73551,1.4955609033187858,0.5438403284795584,0.9517205748392272,1.5635409443787305,0.5438403284795584,1.0197006158991722,1.7674810675585648,0.5438403284795584,1.2236407390790065,2.0394012317983443,0.5438403284795584,1.4955609033187858,1.8354611086185098,0.5438403284795584,1.2916207801389512,2.107381272858289,0.5438403284795584,1.5635409443787305
MU,723125,2025-10-03,0000723125-25-000028,mu-20250828.htm,56687,0.17640728914918766,0.8820364457459383,-0.7056291565967506,0.17640728914918766,0.9702400903205322,-0.7938328011713445,0.17640728914918766,0.8820364457459383,-0.7056291565967506,0.17640728914918766,0.8820364457459383,-0.7056291565967506,0.17640728914918766,0.9702400903205322,-0.7938328011713445,0.17640728914918766,0.9702400903205322,-0.7938328011713445
MU,723125,2024-10-04,0000723125-24-000027,mu-20240829.htm,52499,0.5714394559896379,1.3333587306424883,-0.7619192746528505,0.7619192746528505,1.523838549305701,-0.7619192746528505,0.5714394559896379,1.3333587306424883,-0.7619192746528505,0.5714394559896379,1.3333587306424883,-0.7619192746528505,0.7619192746528505,1.523838549305701,-0.7619192746528505,0.7619192746528505,1.523838549305701,-0.7619192746528505
MU,723125,2023-10-06,0000723125-23-000054,mu-20230831.htm,51567,1.1635348187794519,1.3574572885760272,-0.19392246979657532,1.3574572885760272,1.5513797583726026,-0.19392246979657532,1.2604960536777396,1.3574572885760272,-0.09696123489828766,1.3574572885760272,1.3574572885760272,0.0,1.454418523474315,1.5513797583726026,-0.09696123489828766,1.5513797583726026,1.5513797583726026,0.0
BLK,2012383,2025-02-25,0000950170-25-026584,blk-20241231.htm,94096,0.10627444312191804,4.676075497364394,-4.569801054242475,0.10627444312191804,6.854701581363714,-6.748427138241795,0.10627444312191804,4.676075497364394,-4.569801054242475,0.10627444312191804,4.676075497364394,-4.569801054242475,0.10627444312191804,6.854701581363714,-6.748427138241795,0.10627444312191804,6.854701581363714,-6.748427138241795
TXN,97476,2025-02-14,0000097476-25-000007,txn-20241231.htm,30829,1.2974796457880566,2.270589380129099,-0.9731097343410424,1.784034512958578,3.2436991144701417,-1.4596646015115637,1.2974796457880566,2.270589380129099,-0.9731097343410424,1.2974796457880566,2.270589380129099,-0.9731097343410424,1.784034512958578,3.2436991144701417,-1.4596646015115637,1.784034512958578,3.2436991144701417,-1.4596646015115637
TXN,97476,2024-02-02,0000097476-24-000007,txn-20231231.htm,31084,1.2868356710848026,2.573671342169605,-1.2868356710848026,1.7693990477416035,3.6996525543688072,-1.9302535066272037,1.2868356710848026,2.573671342169605,-1.2868356710848026,1.2868356710848026,2.573671342169605,-1.2868356710848026,1.7693990477416035,3.6996525543688072,-1.9302535066272037,1.7693990477416035,3.6996525543688072,-1.9302535066272037
TXN,97476,2023-02-03,0000097476-23-000007,txn-20221231.htm,31021,1.611811353599175,2.57889816575868,-0.9670868121595049,2.0953547596789273,3.7071661132781024,-1.611811353599175,1.611811353599175,2.57889816575868,-0.9670868121595049,1.611811353599175,2.57889816575868,-0.9670868121595049,2.0953547596789273,3.7071661132781024,-1.611811353599175,2.0953547596789273,3.7071661132781024,-1.611811353599175
ANET,1596532,2025-02-19,0001596532-25-000028,anet-20241231.htm,70051,0.28550627400037115,0.7137656850009279,-0.42825941100055676,0.3568828425004639,1.0706485275013917,-0.7137656850009279,0.28550627400037115,0.7137656850009279,-0.42825941100055676,0.28550627400037115,0.7137656850009279,-0.42825941100055676,0.3568828425004639,1.0706485275013917,-0.7137656850009279,0.3568828425004639,1.0706485275013917,-0.7137656850009279
ANET,1596532,2024-02-13,0001596532-24-000043,anet-20231231.htm,69081,0.28951520678623643,0.5790304135724729,-0.28951520678623643,0.3618940084827955,0.8685456203587093,-0.5066516118759138,0.28951520678623643,0.5790304135724729,-0.28951520678623643,0.28951520678623643,0.5790304135724729,-0.28951520678623643,0.3618940084827955,0.8685456203587093,-0.5066516118759138,0.3618940084827955,0.8685456203587093,-0.5066516118759138
ANET,1596532,2023-02-14,0001596532-23-000016,anet-20221231.htm,65260,0.30646644192460926,0.6129328838492185,-0.30646644192460926,0.38308305240576157,0.9193993257738278,-0.5363162733680662,0.30646644192460926,0.6129328838492185,-0.30646644192460926,0.30646644192460926,0.6129328838492185,-0.30646644192460926,0.38308305240576157,0.9193993257738278,-0.5363162733680662,0.38308305240576157,0.9193993257738278,-0.5363162733680662
QCOM,804328,2025-11-05,0000804328-25-000085,qcom-20250928.htm,58778,0.8506584096090374,1.3610534553744598,-0.5103950457654224,1.275987614413556,1.8714485011398823,-0.5954608867263261,0.8506584096090374,1.3610534553744598,-0.5103950457654224,0.8506584096090374,1.3610534553744598,-0.5103950457654224,1.275987614413556,1.8714485011398823,-0.5954608867263261,1.275987614413556,1.8714485011398823,-0.5954608867263261
QCOM,804328,2024-11-06,0000804328-24-000075,qcom-20240929.htm,60967,1.476208440631817,3.280463201404038,-1.804254760772221,2.2143126609477255,4.920694802106057,-2.7063821411583313,1.804254760772221,3.280463201404038,-1.476208440631817,2.1323010809126246,3.280463201404038,-1.1481621204914134,2.7063821411583313,4.920694802106057,-2.2143126609477255,3.198451621368937,4.920694802106057,-1.72224318073712
QCOM,804328,2023-11-01,0000804328-23-000055,qcom-20230924.htm,60825,1.4796547472256474,3.1237155774763665,-1.6440608302507194,2.137279079325935,4.68557336621455,-2.548294286888615,1.8084669132757911,3.1237155774763665,-1.3152486642005754,2.137279079325935,3.1237155774763665,-0.9864364981504316,2.630497328401151,4.68557336621455,-2.055076037813399,3.1237155774763665,4.68557336621455,-1.5618577887381833
BKNG,1075531,2025-02-20,0001075531-25-000010,bkng-20241231.htm,60561,0.8256138438929345,2.4768415316788035,-1.651227687785869,0.908175228282228,3.7152622975182052,-2.807087069235977,0.8256138438929345,2.4768415316788035,-1.651227687785869,0.8256138438929345,2.4768415316788035,-1.651227687785869,0.908175228282228,3.7152622975182052,-2.807087069235977,0.908175228282228,3.7152622975182052,-2.807087069235977
BKNG,1075531,2024-02-22,0001075531-24-000014,bkng-20231231.htm,68593,0.8747248261484408,2.9157494204948025,-2.0410245943463616,1.093406032685551,4.227836659717464,-3.1344306270319127,0.8747248261484408,2.9157494204948025,-2.0410245943463616,0.8747248261484408,2.9157494204948025,-2.0410245943463616,1.093406032685551,4.227836659717464,-3.1344306270319127,1.093406032685551,4.227836659717464,-3.1344306270319127
BKNG,1075531,2023-02-23,0001075531-23-000016,bkng-20221231.htm,75903,0.658735491350803,2.5031948671330513,-1.8444593757822483,0.9222296878911241,3.6889187515644966,-2.7666890636733723,0.658735491350803,2.5031948671330513,-1.8444593757822483,0.658735491350803,2.5031948671330513,-1.8444593757822483,0.9222296878911241,3.6889187515644966,-2.7666890636733723,0.9222296878911241,3.6889187515644966,-2.7666890636733723
SCHW,316709,2025-02-26,0000316709-25-000010,schw-20241231.htm,92992,0.0,1.7205781142463867,-1.7205781142463867,0.0,2.096954576737784,-2.096954576737784,0.0,1.7205781142463867,-1.7205781142463867,0.0,1.7205781142463867,-1.7205781142463867,0.0,2.096954576737784,-2.096954576737784,0.0,2.096954576737784,-2.096954576737784
SCHW,316709,2024-02-23,0000316709-24-000018,schw-20231231.htm,93311,0.6430110062050562,1.6075275155126405,-0.9645165093075844,0.6965952567221443,2.0362015196493446,-1.3396062629272005,0.6430110062050562,1.6075275155126405,-0.9645165093075844,0.6430110062050562,1.6075275155126405,-0.9645165093075844,0.6965952567221443,2.0362015196493446,-1.3396062629272005,0.6965952567221443,2.0362015196493446,-1.3396062629272005
SCHW,316709,2023-02-24,0000316709-23-000009,schw-20221231.htm,87553,0.11421653170079837,1.7132479755119756,-1.5990314438111772,0.11421653170079837,2.2843306340159675,-2.170114102315169,0.17132479755119756,1.7132479755119756,-1.541923177960778,0.22843306340159675,1.7132479755119756,-1.4848149121103789,0.17132479755119756,2.2843306340159675,-2.1130058364647697,0.22843306340159675,2.2843306340159675,-2.0558975706143707
LRCX,707549,2025-08-11,0000707549-25-000075,lrcx-20250629.htm,51155,0.5864529371517936,1.3683901866875183,-0.7819372495357247,0.6841950933437592,1.8571009676473462,-1.1729058743035872,0.5864529371517936,1.3683901866875183,-0.7819372495357247,0.5864529371517936,1.3683901866875183,-0.7819372495357247,0.6841950933437592,1.8571009676473462,-1.1729058743035872,0.6841950933437592,1.8571009676473462,-1.1729058743035872
LRCX,707549,2024-08-29,0000707549-24-000106,lrcx-20240630.htm,52437,3.051280584320232,1.7163453286801305,1.3349352556401015,3.5280431756202684,2.383812956500181,1.144230219120087,3.1466331025802394,1.7163453286801305,1.4302877739001087,3.2419856208402464,1.7163453286801305,1.525640292160116,3.6233956938802754,2.383812956500181,1.2395827373800943,3.718748212140283,2.383812956500181,1.3349352556401015
LRCX,707549,2023-08-15,0000707549-23-000102,lrcx-20230625.htm,54443,2.9388534797861983,1.836783424866374,1.1020700549198243,3.3980493360027917,2.479657623569605,0.918391712433187,3.030692651029517,1.836783424866374,1.193909226163143,3.1225318222728355,1.836783424866374,1.2857483974064619,3.4898885072461105,2.479657623569605,1.0102308836765057,3.581727678489429,2.479657623569605,1.1020700549198243
SPGI,64040,2025-02-11,0000064040-25-000052,spgi-20241231.htm,79888,0.8762267174043661,3.5049068696174643,-2.6286801522130983,1.3143400761065491,4.255958341678349,-2.9416182655718006,0.8762267174043661,3.5049068696174643,-2.6286801522130983,0.8762267174043661,3.5049068696174643,-2.6286801522130983,1.3143400761065491,4.255958341678349,-2.9416182655718006,1.3143400761065491,4.255958341678349,-2.9416182655718006
SPGI,64040,2024-02-09,0000064040-24-000071,spgi-20231231.htm,80773,0.8666262241095416,4.704542359451797,-3.8379161353422555,1.2999393361643123,6.190187315068154,-4.890247978903842,0.8666262241095416,4.704542359451797,-3.8379161353422555,0.8666262241095416,4.704542359451797,-3.8379161353422555,1.2999393361643123,6.190187315068154,-4.890247978903842,1.2999393361643123,6.190187315068154,-4.890247978903842
SPGI,64040,2023-02-10,0000064040-23-000058,spgi-20221231.htm,79236,0.8834368216467263,4.290978847998385,-3.4075420263516585,1.3251552324700895,5.048210409409864,-3.7230551769397753,0.8834368216467263,4.290978847998385,-3.4075420263516585,0.8834368216467263,4.290978847998385,-3.4075420263516585,1.3251552324700895,5.048210409409864,-3.7230551769397753,1.3251552324700895,5.048210409409864,-3.7230551769397753
BA,12927,2025-02-03,0000012927-25-000015,ba-20241231.htm,67459,0.0,0.5929527564891267,-0.5929527564891267,0.0,0.8153100401725493,-0.8153100401725493,0.0,0.5929527564891267,-0.5929527564891267,0.0,0.5929527564891267,-0.5929527564891267,0.0,0.8153100401725493,-0.8153100401725493,0.0,0.8153100401725493,-0.8153100401725493
BA,12927,2024-01-31,0000012927-24-000010,ba-20231231.htm,61880,0.0,1.1312217194570136,-1.1312217194570136,0.0,1.535229476405947,-1.535229476405947,0.0,1.1312217194570136,-1.1312217194570136,0.0,1.1312217194570136,-1.1312217194570136,0.0,1.535229476405947,-1.535229476405947,0.0,1.535229476405947,-1.535229476405947
BA,12927,2023-01-27,0000012927-23-000007,ba-20221231.htm,63317,0.15793546756795174,1.1055482729756623,-0.9476128054077104,0.2369032013519276,1.5793546756795174,-1.3424514743275897,0.2369032013519276,1.1055482729756623,-0.8686450716237346,0.3158709351359035,1.1055482729756623,-0.7896773378397587,0.3553548020278914,1.5793546756795174,-1.223999873651626,0.4738064027038552,1.5793546756795174,-1.1055482729756623
GEV,1996810,2025-02-06,0001996810-25-000011,gev-20241231.htm,81340,53.110400786820755,5.532333415293828,47.57806737152693,53.41775264322597,5.716744529136956,47.701008114089014,56.36833046471601,5.532333415293828,50.83599704942218,59.626260142611265,5.532333415293828,54.09392672731744,56.67568232112122,5.716744529136956,50.95893779198426,59.93361199901648,5.716744529136956,54.21686746987952
AMAT,6951,2024-12-13,0000006951-24-000044,amat-20241027.htm,45983,1.522301720200944,1.7397733945153644,-0.21747167431442055,1.522301720200944,1.7397733945153644,-0.21747167431442055,1.7397733945153644,1.7397733945153644,0.0,1.9572450688297849,1.7397733945153644,0.21747167431442055,1.7397733945153644,1.7397733945153644,0.0,1.9572450688297849,1.7397733945153644,0.21747167431442055
AMAT,6951,2023-12-15,0000006951-23-000041,amat-20231029.htm,50471,2.5757365615898236,1.5850686532860454,0.9906679083037784,2.5757365615898236,1.5850686532860454,0.9906679083037784,2.5757365615898236,1.5850686532860454,0.9906679083037784,2.5757365615898236,1.5850686532860454,0.9906679083037784,2.5757365615898236,1.5850686532860454,0.9906679083037784,2.5757365615898236,1.5850686532860454,0.9906679083037784
AMAT,6951,2022-12-16,0000006951-22-000043,amat-20221030.htm,53089,3.013807003334024,1.506903501667012,1.506903501667012,3.013807003334024,1.506903501667012,1.506903501667012,3.013807003334024,1.506903501667012,1.506903501667012,3.013807003334024,1.506903501667012,1.506903501667012,3.013807003334024,1.506903501667012,1.506903501667012,3.013807003334024,1.506903501667012,1.506903501667012
INTC,50863,2025-01-31,0000050863-25-000009,intc-20241228.htm,74498,0.9396225402024215,3.3557947864372197,-2.4161722462347983,0.9396225402024215,3.3557947864372197,-2.4161722462347983,0.9396225402024215,3.3557947864372197,-2.4161722462347983,0.9396225402024215,3.3557947864372197,-2.4161722462347983,0.9396225402024215,3.3557947864372197,-2.4161722462347983,0.9396225402024215,3.3557947864372197,-2.4161722462347983
INTC,50863,2024-01-26,0000050863-24-000010,intc-20231230.htm,75671,2.643020443763133,5.418191909714422,-2.7751714659512894,2.643020443763133,5.418191909714422,-2.7751714659512894,2.8412469770453677,5.418191909714422,-2.5769449326690546,3.0394735103276025,5.418191909714422,-2.3787183993868193,2.8412469770453677,5.418191909714422,-2.5769449326690546,3.0394735103276025,5.418191909714422,-2.3787183993868193
INTC,50863,2023-01-27,0000050863-23-000006,intc-20221231.htm,75536,2.647744122008049,3.7068417708112684,-1.0590976488032195,2.647744122008049,3.7068417708112684,-1.0590976488032195,2.71393772505825,3.7068417708112684,-0.9929040457530183,2.7801313281084514,3.7068417708112684,-0.9267104427028171,2.71393772505825,3.7068417708112684,-0.9929040457530183,2.7801313281084514,3.7068417708112684,-0.9267104427028171
ISRG,1035267,2025-01-31,0001035267-25-000017,isrg-20241231.htm,93487,0.4278669761571128,1.9254013927070075,-1.4975344165498947,0.4813503481767519,2.781135345021233,-2.299784996844481,0.4278669761571128,1.9254013927070075,-1.4975344165498947,0.4278669761571128,1.9254013927070075,-1.4975344165498947,0.4813503481767519,2.781135345021233,-2.299784996844481,0.4813503481767519,2.781135345021233,-2.299784996844481
ISRG,1035267,2024-01-31,0001035267-24-000021,isrg-20231231.htm,94620,1.1625449165081378,1.056859015007398,0.1056859015007398,1.3210737687592475,1.532445571760727,-0.2113718030014796,1.2153878672585077,1.056859015007398,0.1585288522511097,1.2682308180088775,1.056859015007398,0.2113718030014796,1.3739167195096174,1.532445571760727,-0.1585288522511097,1.4267596702599872,1.532445571760727,-0.1056859015007398
ISRG,1035267,2023-02-10,0001035267-23-000019,isrg-20221231.htm,91059,1.537464720675606,0.8785512689574891,0.6589134517181169,2.0316498094641937,1.3178269034362338,0.71382290602796,1.537464720675606,0.8785512689574891,0.6589134517181169,1.537464720675606,0.8785512689574891,0.6589134517181169,2.0316498094641937,1.3178269034362338,0.71382290602796,2.0316498094641937,1.3178269034362338,0.71382290602796
NEE,753308,2025-02-14,0000753308-25-000011,nee-20241231.htm,86666,39.00030000230771,0.5769275148270371,38.42337248748067,51.2888560681236,0.807698520757852,50.48115754736575,46.846514203955415,0.5769275148270371,46.269586689128374,54.69272840560312,0.5769275148270371,54.11580089077608,61.47162670482081,0.807698520757852,60.663928184062954,71.654397341518,0.807698520757852,70.84669882076015
NEE,753308,2024-02-16,0000753308-24-000008,nee-20231231.htm,85922,45.506389516072716,0.5819231395917227,44.92446637648099,60.81096808733503,0.8146923954284118,59.99627569190661,54.758967435581106,0.5819231395917227,54.17704429598938,64.0115453550895,0.5819231395917227,63.42962221549778,72.88587323386326,0.8146923954284118,72.07118083843486,84.96077838039152,0.8146923954284118,84.14608598496311
NEE,753308,2023-02-17,0000753308-23-000019,nee-20221231.htm,87058,47.66936984539043,0.5743297571733786,47.095040088217054,63.29113924050633,0.8040616600427302,62.4870775804636,58.294470353097935,0.5743297571733786,57.720140595924555,68.91957086080544,0.5743297571733786,68.34524110363206,77.10376990052609,0.8040616600427302,76.29970824048335,90.91640056054584,0.8040616600427302,90.11233890050312
TJX,109198,2025-04-02,0000109198-25-000010,tjx-20250201.htm,46842,0.4269672516118014,0.4269672516118014,0.0,0.4269672516118014,0.640450877417702,-0.2134836258059007,0.4269672516118014,0.4269672516118014,0.0,0.4269672516118014,0.4269672516118014,0.0,0.4269672516118014,0.640450877417702,-0.2134836258059007,0.4269672516118014,0.640450877417702,-0.2134836258059007
TJX,109198,2024-04-03,0000109198-24-000014,tjx-20240203.htm,45550,2.6344676180021955,0.8781558726673985,1.756311745334797,3.293084522502744,1.3172338090010978,1.9758507135016465,2.6344676180021955,0.8781558726673985,1.756311745334797,2.6344676180021955,0.8781558726673985,1.756311745334797,3.293084522502744,1.3172338090010978,1.9758507135016465,3.293084522502744,1.3172338090010978,1.9758507135016465
TJX,109198,2023-03-29,0000109198-23-000004,tjx-20230128.htm,45017,3.1099362463069506,0.8885532132305574,2.2213830330763935,3.8874203078836884,1.332829819845836,2.5545904880378525,3.2210053979607705,0.8885532132305574,2.332452184730213,3.3320745496145903,0.8885532132305574,2.4435213363840327,4.054024035364418,1.332829819845836,2.7211942155185818,4.220627762845147,1.332829819845836,2.8877979429993115
