issuer_ticker,as_of_date,iva_company_rating,environmental_pillar_score,climate_change_theme_score,carbon_emissions_score,energy_efficiency_score,prod_carb_ftprnt_score,ins_climate_chg_risk_score
SMG,2025-09-01,BB,2.70,3.90,3.90,,,
SO,2025-09-01,A,5.60,5.90,5.90,,,
DRI,2025-09-01,BBB,1.40,0.10,0.10,,,
APH,2025-09-01,BB,4.50,0.10,0.10,,,
JHG,2025-09-01,AAA,0.10,0.10,0.10,,,
VSH,2025-09-01,BBB,4.40,0.07,0.07,,,
ALL,2025-09-01,AAA,9.10,9.10,9.10,,,
BRKR,2025-09-01,A,0.10,0.10,0.10,,,
SEM,2025-09-01,B,3.30,3.80,3.80,,,
BDX,2025-09-01,BBB,0.10,0.10,0.10,,,
IPAR,2025-09-01,BB,7.90,7.90,0.10,,7.90,
ISRG,2025-09-01,A,0.10,0.10,0.10,,,
JKHY,2025-09-01,A,0.09,0.09,0.09,,,
KLIC,2025-09-01,AA,3.10,8.80,8.80,,,
FOR,2025-09-01,B,2.40,6.30,6.30,,,
BPOP,2025-09-01,A,2.90,2.90,8.30,,,
GRC,2025-09-01,BBB,3.50,7.70,7.70,,,
CNP,2025-09-01,A,0.06,6.30,6.30,,,
RTX,2025-09-01,BBB,4.30,0.10,0.10,,,
AES,2025-09-01,AA,6.80,7.10,7.10,,,
GFF,2025-09-01,A,6.80,0.10,0.10,,,
GPK,2025-09-01,A,4.80,7.10,7.10,,,
AIR,2025-09-01,BBB,3.20,0.10,0.10,,,
IP,2025-09-01,A,5.50,6.60,6.60,,,
IP,2025-09-01,BB,3.90,8.50,8.50,,,
LMAT,2025-09-01,BB,6.40,6.40,6.40,,,
PAYX,2025-09-01,AA,0.10,0.10,0.10,,,
PCAR,2025-09-01,BBB,4.80,0.10,0.10,,,
WRLD,2025-09-01,B,6.70,6.70,6.70,,,
PPG,2025-09-01,AAA,7.70,0.10,0.10,,,
NVR,2025-09-01,A,4.10,0.06,0.06,,,
SPG,2025-09-01,BBB,4.50,6.30,8.80,,6.30,
FR,2025-09-01,AA,7.40,0.10,0.10,,,
PTEN,2025-09-01,BBB,4.60,3.90,3.90,,,
WCC,2025-09-01,AAA,4.50,0.10,0.10,,,
ALGT,2025-09-01,BBB,2.80,2.80,2.80,,,
ECL,2025-09-01,AAA,8.10,0.10,0.10,,,
ENB,2025-09-01,AA,5.50,6.90,6.90,,,
LHX,2025-09-01,A,2.40,0.10,0.10,,,
ITGR,2025-09-01,A,7.80,7.80,7.80,,,
MCY,2025-09-01,B,5.50,5.50,6.70,,,5.50
CMA,2025-09-01,A,1.40,1.40,0.10,,,
CMI,2025-09-01,AAA,5.50,0.10,0.10,,,
AM,2025-09-01,B,2.80,0.10,0.10,,,
AMAT,2025-09-01,AAA,4.80,0.10,0.10,,,
CNOB,2025-09-01,BB,0.00,0.00,6.70,,,
AVT,2025-09-01,AAA,2.80,0.10,0.10,,,
HLIT,2025-09-01,AA,0.02,0.10,0.10,,,
BKE,2025-09-01,BB,0.02,2.10,6.20,,2.10,
BRC,2025-09-01,BBB,4.50,9.70,9.70,,,
KTOS,2025-09-01,A,0.02,6.10,6.10,,,
A,2025-09-01,AA,0.10,0.10,0.10,,,
CNR,2025-09-01,AA,5.90,5.90,5.90,,,
KMI,2025-09-01,AAA,6.40,0.05,0.05,,,
HUBB,2025-09-01,AA,4.50,0.10,0.10,,,
KBR,2025-09-01,AAA,0.10,0.10,0.10,,,
GIS,2025-09-01,AAA,4.50,8.10,9.30,,8.10,
MRK,2025-09-01,A,5.20,0.10,0.10,,,
KAI,2025-09-01,BBB,3.70,9.10,9.10,,,
MKL,2025-09-01,A,5.90,5.90,0.07,,,5.90
MMS,2025-09-01,BBB,0.10,0.10,0.10,,,
SCCO,2025-09-01,BB,2.30,6.20,6.20,,,
TBBK,2025-09-01,BBB,1.20,1.20,7.70,,,
UHS,2025-09-01,CCC,6.50,6.50,6.50,,,
WBS,2025-09-01,BBB,0.30,0.30,0.08,,,
SUN,2025-09-01,AA,5.70,0.10,0.10,,,
WU,2025-09-01,A,0.08,0.08,0.08,,,
POR,2025-09-01,AA,6.80,0.06,0.06,,,
AON,2025-09-01,A,7.80,7.80,0.10,,,7.80
HWM,2025-09-01,A,2.20,0.10,0.10,,,
ALX,2025-09-01,CCC,6.20,0.09,0.09,,,
G,2025-09-01,AAA,0.10,0.10,9.70,,,0.10
CASH,2025-09-01,BBB,0.00,0.00,8.30,,,
CNA,2025-09-01,AA,4.70,0.05,0.05,,,
DXCM,2025-09-01,BBB,8.40,8.40,8.40,,,
LFUS,2025-09-01,A,4.10,9.90,9.90,,,
AORT,2025-09-01,BBB,8.60,8.60,8.60,,,
DX,2025-09-01,BB,6.70,6.70,6.70,,,
HRB,2025-09-01,A,8.90,8.90,8.90,,,
AUPH,2025-09-01,B,4.60,7.70,7.70,,,
LNG,2025-09-01,AAA,0.05,3.50,3.50,,,
LNT,2025-09-01,AA,6.90,5.90,5.90,,,
ORCL,2025-09-01,A,7.50,0.10,0.10,,,
MDT,2025-09-01,BBB,0.10,0.10,0.10,,,
CDP,2025-09-01,A,0.07,9.70,9.70,,,
MANH,2025-09-01,AA,5.20,0.08,0.08,,,
PLAB,2025-09-01,CCC,2.70,5.40,5.40,,,
RDNT,2025-09-01,A,5.90,5.90,5.90,,,
ENOV,2025-09-01,A,8.60,8.60,8.60,,,
TXRH,2025-09-01,BB,1.30,7.70,7.70,,,
RRC,2025-09-01,AA,3.90,3.40,3.40,,,
TKR,2025-09-01,BBB,4.50,0.10,0.10,,,
OKE,2025-09-01,AAA,5.90,0.07,0.07,,,
DTE,2025-09-01,AA,7.30,0.08,0.08,,,
AVY,2025-09-01,AA,5.50,9.30,9.30,,,
SF,2025-09-01,BBB,5.10,5.10,7.70,,,
PCG,2025-09-01,BBB,5.30,0.10,0.10,,,
WAL,2025-09-01,BBB,0.70,0.70,0.08,,,
HEI,2025-09-01,AA,6.10,0.05,0.05,,,
DECK,2025-09-01,AAA,8.20,9.20,0.10,,9.20,
ICFI,2025-09-01,A,0.10,0.10,0.10,,,
IDXX,2025-09-01,AAA,0.10,0.10,0.10,,,
CAR,2025-09-01,AA,0.10,0.10,0.10,,,
CSR,2025-09-01,BBB,4.30,6.30,6.30,,,
ROG,2025-09-01,A,6.50,0.10,0.10,,,
CF,2025-09-01,A,4.80,4.80,0.07,,,
AUB,2025-09-01,AA,5.60,5.60,0.10,,,5.60
VRE,2025-09-01,A,6.90,9.60,9.60,,,
GGG,2025-09-01,AA,4.30,9.10,9.10,,,
GME,2025-09-01,A,0.70,0.70,6.30,,0.70,
BLDR,2025-09-01,A,4.90,7.60,7.60,,,
SLM,2025-09-01,AAA,5.10,5.10,0.10,,,5.10
NI,2025-09-01,AAA,7.20,0.07,0.07,,,
POWL,2025-09-01,A,3.50,6.70,6.70,,,
HOPE,2025-09-01,BB,0.00,0.00,0.07,,,
D,2025-09-01,BBB,4.30,3.70,3.70,,,
AES,2025-09-01,AA,6.80,7.10,7.10,,,
ALG,2025-09-01,AA,3.70,0.10,0.10,,,
ADC,2025-09-01,BB,4.10,6.40,6.40,,,
ALSN,2025-09-01,BB,0.03,8.70,8.70,,,
AMZN,2025-09-01,BBB,6.40,9.90,0.10,,9.90,
AWR,2025-09-01,BBB,0.05,9.10,9.10,,,
AMT,2025-09-01,AAA,0.10,0.10,0.10,,,
RIOT,2025-09-01,CCC,0.90,0.00,0.00,,,
BEN,2025-09-01,BBB,4.60,8.40,8.40,,,
BCRX,2025-09-01,BB,4.10,5.70,5.70,,,
BWA,2025-09-01,AA,0.06,0.10,0.10,,,
MTRN,2025-09-01,A,0.04,0.05,0.05,,,
CBZ,2025-09-01,BBB,0.07,0.07,0.07,,,
CRS,2025-09-01,A,3.50,5.40,5.40,,,
CHE,2025-09-01,A,5.40,5.40,5.40,,,
UAL,2025-09-01,BBB,4.90,4.90,0.05,,,
GT,2025-09-01,AA,2.60,0.10,0.10,,,
CFR,2025-09-01,BB,0.00,0.00,6.70,,,
DVA,2025-09-01,AA,0.10,0.10,0.10,,,
DAR,2025-09-01,AA,5.30,9.90,9.90,,,
ATGE,2025-09-01,BBB,8.10,8.10,8.10,,,
DAL,2025-09-01,AA,0.05,0.05,0.05,,,
DTE,2025-09-01,BBB,0.10,0.10,0.10,,,
DKS,2025-09-01,AA,5.80,5.80,0.10,,5.80,
DGII,2025-09-01,A,4.70,0.08,0.08,,,
DDS,2025-09-01,BB,2.50,2.20,7.30,,2.20,
SATS,2025-09-01,B,6.60,6.60,6.60,,,
EA,2025-09-01,AA,0.09,0.09,0.09,,,
NEE,2025-09-01,AA,7.60,9.30,9.30,,,
FBNC,2025-09-01,BB,0.40,0.40,0.08,,,
FI,2025-09-01,AA,0.10,0.10,0.10,,,
GABC,2025-09-01,BB,0.00,0.00,0.07,,,
DOC,2025-09-01,AA,7.40,9.60,9.60,,,
HAE,2025-09-01,A,8.30,8.30,8.30,,,
HBI,2025-09-01,AA,5.40,9.40,0.10,,9.40,
HAS,2025-09-01,AA,4.10,8.80,8.80,,,
HE,2025-09-01,BB,3.80,3.20,3.20,,,
INDB,2025-09-01,BBB,0.40,0.40,0.08,,,
IOSP,2025-09-01,A,5.10,8.60,8.60,,,
TILE,2025-09-01,A,7.50,7.50,9.80,,7.50,
VIAV,2025-09-01,A,2.60,0.10,0.10,,,
JPM,2025-09-01,A,7.60,7.60,0.10,,,
SAM,2025-09-01,BBB,2.80,0.10,0.10,,,
MGEE,2025-09-01,BBB,5.50,0.05,0.05,,,
TGTX,2025-09-01,CCC,4.60,5.70,5.70,,,
MAS,2025-09-01,BBB,0.06,0.10,0.10,,,
MA,2025-09-01,AA,0.10,0.10,0.10,,,
MKC,2025-09-01,AA,4.70,0.08,9.70,,0.08,
MMS,2025-09-01,AA,0.10,0.10,0.10,,,
MRCY,2025-09-01,AAA,3.70,0.07,0.07,,,
MCHP,2025-09-01,A,5.50,0.09,0.09,,,
LH,2025-09-01,AA,0.10,0.10,0.10,,,
NVDA,2025-09-01,AA,6.50,8.90,8.90,,,
OKE,2025-09-01,AAA,5.90,0.07,0.07,,,
OC,2025-09-01,AA,5.80,7.20,7.20,,,
RVTY,2025-09-01,AAA,0.10,0.10,0.10,,,
PLUG,2025-09-01,A,5.60,0.06,0.06,,,
PBH,2025-09-01,BB,2.30,8.40,8.40,,,
RBC,2025-09-01,CCC,1.40,6.10,6.10,,,
RPM,2025-09-01,BBB,5.10,0.08,0.08,,,
RS,2025-09-01,BBB,2.60,3.90,3.90,,,
RSG,2025-09-01,A,5.60,6.60,6.60,,,
RUSHA,2025-09-01,AA,3.50,3.20,6.40,,3.20,
AUB,2025-09-01,BBB,0.20,0.20,0.08,,,
LNW,2025-09-01,A,6.60,6.60,6.60,,,
SEE,2025-09-01,A,4.90,0.09,0.09,,,
SXT,2025-09-01,A,5.80,9.70,9.70,,,
LH,2025-09-01,AA,0.10,0.10,0.10,,,
ASTH,2025-09-01,BBB,5.90,5.90,5.90,,,
SSRM,2025-09-01,BBB,2.40,4.90,4.90,,,
TER,2025-09-01,BBB,2.70,0.10,0.10,,,
USPH,2025-09-01,BB,5.90,5.90,5.90,,,
KMPR,2025-09-01,BBB,0.03,0.03,0.08,,,0.03
VLO,2025-09-01,A,4.90,6.60,6.60,,,
DG,2025-09-01,BBB,5.10,0.10,0.10,,,
WHR,2025-09-01,AAA,7.80,0.10,0.10,,,
WTM,2025-09-01,BB,2.90,2.90,6.70,,,2.90
WKC,2025-09-01,A,4.20,4.40,4.40,,,
LULU,2025-09-01,AA,5.90,0.10,9.80,,0.10,
AEP,2025-09-01,BBB,5.20,0.04,0.04,,,
BAC,2025-09-01,A,8.20,8.20,0.10,,,
AILIH,2025-09-01,A,6.60,7.10,7.10,,,
CNLHN,2025-09-01,AA,7.30,0.10,0.10,,,
ALLY,2025-09-01,A,9.70,9.70,9.70,,,
GLP,2025-09-01,AA,7.10,0.08,0.08,,,
RSI,2025-09-01,A,0.02,0.10,4.60,,0.10,
SPH,2025-09-01,BBB,3.50,3.40,3.40,,,
NXST,2025-09-01,BBB,0.08,0.08,0.08,,,
LNT,2025-09-01,A,6.30,4.20,4.20,,,
OMF,2025-09-01,A,0.08,0.08,0.07,,,
CNP,2025-09-01,A,0.06,6.30,6.30,,,
DTE,2025-09-01,AA,6.30,6.90,6.90,,,
CNK,2025-09-01,AA,8.30,8.30,8.30,,,
HRI,2025-09-01,AAA,5.40,0.10,0.10,,,
MUR,2025-09-01,AA,4.10,3.80,3.80,,,
FDS,2025-09-01,AA,0.10,0.10,0.10,,,
AFL,2025-09-01,AA,5.10,5.10,9.70,,,5.10
CLS,2025-09-01,AA,0.04,0.10,0.10,,,
COHU,2025-09-01,BB,0.04,0.10,0.10,,,
CENX,2025-09-01,BB,2.20,2.20,2.20,,,
COST,2025-09-01,BBB,0.06,7.30,0.10,,7.30,
ARE,2025-09-01,BB,6.30,9.80,9.80,,,
BAC,2025-09-01,A,8.20,8.20,0.10,,,
DORM,2025-09-01,BBB,2.80,0.08,0.08,,,
GPOR,2025-09-01,BB,1.40,0.50,0.50,,,
SNEX,2025-09-01,BB,0.02,0.02,6.70,,,
AI,2025-09-01,A,3.90,4.30,4.30,,,
CWT,2025-09-01,A,6.10,9.10,9.10,,,
EGP,2025-09-01,BBB,5.70,6.70,6.70,,,
DIS,2025-09-01,B,2.20,0.80,0.80,,,
FCX,2025-09-01,BBB,2.70,0.07,0.07,,,
LRN,2025-09-01,A,0.08,0.08,0.08,,,
HAS,2025-09-01,A,0.10,0.10,0.10,,,
XOM,2025-09-01,BB,4.30,5.90,5.90,,,
PB,2025-09-01,BB,1.60,1.60,0.08,,,
UCTT,2025-09-01,BB,2.50,7.90,7.90,,,
RHI,2025-09-01,AA,9.70,9.70,9.70,,,
DUK,2025-09-01,AA,5.80,5.80,5.80,,,
RNR,2025-09-01,BBB,4.10,4.10,8.70,,,4.10
WSO,2025-09-01,BBB,0.03,0.08,0.08,,,
ELV,2025-09-01,AAA,0.10,0.10,0.10,,,
RBA,2025-09-01,AA,0.10,0.10,0.10,,,
LEG,2025-09-01,A,7.90,7.90,7.90,,,
AMG,2025-09-01,A,0.10,0.10,0.10,,,
CENT,2025-09-01,BB,2.30,1.90,6.40,,1.90,
GM,2025-09-01,BBB,5.60,4.70,6.70,,4.70,
DELL,2025-09-01,A,5.40,0.10,0.10,,,
HSIC,2025-09-01,AA,0.10,0.10,0.10,,,
XPEL,2025-09-01,AA,2.50,3.40,3.40,,,
CMG,2025-09-01,A,3.10,0.10,0.10,,,
CME,2025-09-01,BBB,9.30,9.30,9.30,,,
ADP,2025-09-01,AAA,0.10,0.10,0.10,,,
EOG,2025-09-01,A,4.70,4.80,4.80,,,
FNMA,2025-09-01,A,5.50,5.50,8.30,,,
COST,2025-09-01,AA,3.90,0.10,0.10,,,
KMB,2025-09-01,AAA,6.10,9.10,9.30,,9.10,
LTH,2025-09-01,A,5.20,8.80,8.80,,,
KRG,2025-09-01,BB,5.10,9.70,9.70,,,
PODD,2025-09-01,A,8.70,8.70,8.70,,,
WFC,2025-09-01,BBB,8.10,8.10,0.10,,,
PRO,2025-09-01,AA,5.30,8.30,8.30,,,
VNO,2025-09-01,BB,7.10,9.10,9.10,,,
CUBE,2025-09-01,BBB,4.90,9.60,9.60,,,
SNA,2025-09-01,BBB,0.05,9.50,9.50,,,
SKY,2025-09-01,BBB,3.80,7.80,7.80,,,
RCL,2025-09-01,BBB,4.20,0.06,0.06,,,
SAFE,2025-09-01,BB,4.60,8.60,8.60,,,
AGM,2025-09-01,BBB,0.00,0.00,6.70,,,
ATLC,2025-09-01,B,6.70,6.70,6.70,,,
CSCO,2025-09-01,AA,0.06,0.10,0.10,,,
ENSG,2025-09-01,A,6.70,6.70,6.70,,,
BMI,2025-09-01,AAA,6.60,0.10,0.10,,,
DLTR,2025-09-01,AA,5.20,7.50,0.10,,7.50,
HCSG,2025-09-01,BBB,0.05,0.05,0.05,,,
JPM,2025-09-01,A,7.60,7.60,0.10,,,
CCL,2025-09-01,BB,3.40,5.90,5.90,,,
OPCH,2025-09-01,AAA,5.90,5.90,5.90,,,
OPK,2025-09-01,BBB,6.10,6.10,6.10,,,
EAT,2025-09-01,AA,1.30,0.08,0.08,,,
FBP,2025-09-01,A,2.30,2.30,0.08,,,
MSFT,2025-09-01,A,7.20,9.10,9.10,,,
PAG,2025-09-01,BB,2.90,2.70,7.90,,2.70,
OMC,2025-09-01,BB,9.80,9.80,9.80,,,
MRVL,2025-09-01,AA,3.80,8.90,8.90,,,
NTAP,2025-09-01,AAA,0.04,0.10,0.10,,,
WSBC,2025-09-01,BB,1.20,1.20,0.08,,,
TSCO,2025-09-01,AAA,9.50,9.50,0.10,,9.50,
WINA,2025-09-01,AA,0.80,0.80,5.70,,0.80,
ZBRA,2025-09-01,A,3.10,9.20,9.20,,,
TTWO,2025-09-01,A,0.09,0.09,0.09,,,
UFPT,2025-09-01,A,0.07,0.07,0.07,,,
UGI,2025-09-01,AAA,0.06,7.50,7.50,,,
WAB,2025-09-01,BBB,3.40,0.10,0.10,,,
CMA,2025-09-01,B,2.20,3.30,3.30,,,
DHC,2025-09-01,B,0.06,8.30,8.30,,,
SCL,2025-09-01,A,5.90,8.50,8.50,,,
AB,2025-09-01,B,0.00,0.00,0.07,,,
APA,2025-09-01,A,3.90,3.90,0.50,,,
BKD,2025-09-01,A,8.10,8.10,8.10,,,
IFF,2025-09-01,A,6.60,0.09,0.09,,,
CACI,2025-09-01,A,8.70,8.70,8.70,,,
WY,2025-09-01,AA,6.60,9.40,9.40,,,
INTC,2025-09-01,AAA,7.20,0.10,0.10,,,
COR,2025-09-01,AA,0.10,0.10,0.10,,,
AMGN,2025-09-01,A,7.70,0.10,0.10,,,
COLM,2025-09-01,AA,5.30,6.70,0.10,,6.70,
EXLS,2025-09-01,AA,0.10,0.10,0.10,,,
HURN,2025-09-01,A,0.08,0.08,0.08,,,
ALGM,2025-09-01,BB,4.10,9.60,9.60,,,
GPC,2025-09-01,AA,4.10,4.10,9.30,,4.10,
HL,2025-09-01,A,3.40,6.90,6.90,,,
FOUR,2025-09-01,AA,9.70,9.70,9.70,,,
ARCB,2025-09-01,AA,7.10,7.10,7.10,,,
PFS,2025-09-01,BBB,0.00,0.00,6.70,,,
LH,2025-09-01,BB,3.50,9.10,9.10,,,
PNFP,2025-09-01,BBB,0.00,0.00,0.08,,,
MELI,2025-09-01,AA,9.70,9.70,9.70,,,
OLED,2025-09-01,BB,4.30,3.70,3.70,,,
PRGS,2025-09-01,AAA,6.80,8.70,8.70,,,
OMCL,2025-09-01,AA,8.70,8.70,8.70,,,
NSSC,2025-09-01,B,2.10,6.70,6.70,,,
NXST,2025-09-01,BBB,0.08,0.08,0.08,,,
PENN,2025-09-01,BBB,4.80,4.80,4.80,,,
UFPI,2025-09-01,BB,3.80,6.10,6.10,,,
SNX,2025-09-01,A,2.90,0.10,0.10,,,
ONB,2025-09-01,BBB,1.10,1.10,8.30,,,
WEX,2025-09-01,AA,9.70,9.70,9.70,,,
PFE,2025-09-01,BBB,6.20,0.10,0.10,,,
AOS,2025-09-01,BBB,6.70,0.10,0.10,,,
ACAD,2025-09-01,B,1.90,6.70,6.70,,,
AES,2025-09-01,BBB,5.50,0.09,0.09,,,
ANF,2025-09-01,AA,6.70,0.10,0.10,,0.10,
AKR,2025-09-01,BBB,0.06,7.30,7.30,,,
MSFT,2025-09-01,A,7.20,9.10,9.10,,,
ARLP,2025-09-01,BB,0.02,0.00,0.00,,,
MO,2025-09-01,A,3.60,0.10,0.10,,,
ANDE,2025-09-01,AAA,7.40,3.40,7.70,,3.40,
AIT,2025-09-01,A,4.20,8.50,8.50,,,
TFC,2025-09-01,BBB,2.60,2.60,0.10,,,
FRHC,2025-09-01,BB,4.60,4.60,8.30,,,
BBSI,2025-09-01,B,6.70,6.70,6.70,,,
BLKB,2025-09-01,AA,7.50,7.50,0.10,,,
GRBK,2025-09-01,BBB,3.50,5.80,5.80,,,
BLK,2025-09-01,A,0.10,0.10,0.10,,,
BMY,2025-09-01,A,4.30,0.10,0.10,,,
BLND,2025-09-01,AAA,0.06,9.60,9.60,,,
AZTA,2025-09-01,AA,0.10,0.10,0.10,,,
BRO,2025-09-01,A,7.10,7.10,0.08,,,7.10
BG,2025-09-01,AAA,5.40,9.50,9.50,,,
CMS,2025-09-01,AA,7.30,7.80,7.80,,,
CNMD,2025-09-01,A,7.80,7.80,7.80,,,
CVI,2025-09-01,BB,1.80,1.90,1.90,,,
CASY,2025-09-01,AAA,5.70,7.80,8.20,,7.80,
CNC,2025-09-01,AA,9.30,9.30,9.30,,,
CRUS,2025-09-01,AA,3.80,8.80,8.80,,,
CL,2025-09-01,AAA,5.40,0.10,0.10,,0.10,
COMM,2025-09-01,AA,2.90,0.10,0.10,,,
CBSH,2025-09-01,BBB,2.10,2.10,0.10,,,
CMG,2025-09-01,A,4.80,7.20,7.20,,,
DBD,2025-09-01,A,4.10,0.10,0.10,,,
DY,2025-09-01,A,2.20,7.90,7.90,,,
LLY,2025-09-01,A,4.50,0.10,0.10,,,
EMR,2025-09-01,BBB,6.60,0.10,0.10,,,
ENB,2025-09-01,AA,5.50,6.90,2.70,,,
ETR,2025-09-01,BBB,6.40,6.40,6.40,,,
EFX,2025-09-01,BBB,0.10,0.10,0.10,,,
ESS,2025-09-01,B,4.70,8.90,8.90,,,
EL,2025-09-01,A,6.20,0.10,8.80,,0.10,
FLS,2025-09-01,AA,4.30,0.10,0.10,,,
FNB,2025-09-01,BB,1.40,1.40,0.08,,,
FAST,2025-09-01,BBB,3.30,0.10,0.10,,,
ESNT,2025-09-01,AA,5.80,9.60,9.60,,,
FA,2025-09-01,AA,7.50,7.50,7.50,,,
RNST,2025-09-01,B,0.60,0.60,0.08,,,
BEN,2025-09-01,BBB,9.30,9.30,9.30,,,
GATX,2025-09-01,AA,7.40,7.40,7.40,,,
NOVT,2025-09-01,AA,3.50,0.10,0.10,,,
TXG,2025-09-01,AA,2.60,5.50,5.50,,,
HALO,2025-09-01,BBB,0.05,7.90,7.90,,,
HIG,2025-09-01,AA,7.70,7.70,0.10,,,7.70
HLX,2025-09-01,BBB,7.70,9.10,9.10,,,
HP,2025-09-01,BB,3.70,4.40,4.40,,,
HOLX,2025-09-01,AA,8.60,8.60,8.60,,,
HUM,2025-09-01,AA,0.10,0.10,0.10,,,
IONS,2025-09-01,A,5.40,0.08,0.08,,,
ITRI,2025-09-01,AAA,4.80,0.10,0.10,,,
KEY,2025-09-01,BBB,1.60,1.60,0.10,,,
LSTR,2025-09-01,AA,5.90,5.90,5.90,,,
LVS,2025-09-01,A,7.60,0.10,0.10,,,
DSGR,2025-09-01,BBB,0.04,6.70,6.70,,,
LAD,2025-09-01,AAA,4.10,4.70,8.40,,4.70,
LYV,2025-09-01,BBB,8.90,8.90,8.90,,,
LUCK,2025-09-01,BBB,3.20,5.20,5.20,,,
MRP,2025-09-01,AA,5.60,7.30,0.10,,7.30,
MLI,2025-09-01,B,2.10,0.04,0.04,,,
NRG,2025-09-01,BB,3.40,2.70,2.70,,,
NOV,2025-09-01,A,7.30,0.08,0.08,,,
NBIX,2025-09-01,A,2.60,7.70,7.70,,,
NEU,2025-09-01,BBB,3.80,4.40,4.40,,,
NWL,2025-09-01,AA,9.40,9.40,9.40,,,
NUE,2025-09-01,AA,0.05,7.90,5.70,,,
OSIS,2025-09-01,BBB,3.60,6.40,6.40,,,
ORI,2025-09-01,AA,5.30,8.80,8.80,,,
PZZA,2025-09-01,BBB,3.20,7.70,7.70,,,
PH,2025-09-01,A,3.90,0.10,0.10,,,
PPC,2025-09-01,BB,2.10,0.01,9.30,,0.01,
PSMT,2025-09-01,BBB,2.70,1.60,8.40,,1.60,
PRA,2025-09-01,BB,0.04,0.04,0.07,,,0.04
LUMN,2025-09-01,AA,0.10,0.10,0.10,,,
RJF,2025-09-01,AA,4.50,4.50,9.30,,,
O,2025-09-01,BBB,5.70,7.40,7.40,,,
ROG,2025-09-01,AA,0.04,6.10,6.10,,,
SEIC,2025-09-01,BBB,0.09,0.09,0.09,,,
BFS,2025-09-01,CCC,5.10,4.30,4.30,,,
SCI,2025-09-01,AA,8.90,8.90,8.90,,,
SLAB,2025-09-01,A,4.60,8.80,8.80,,,
SSD,2025-09-01,BBB,3.20,0.04,0.04,,,
SFD,2025-09-01,BBB,2.60,5.40,0.07,,5.40,
BB,2025-09-01,AAA,0.10,0.10,0.10,,,
STAA,2025-09-01,AA,6.70,6.70,6.70,,,
STT,2025-09-01,AA,0.10,0.10,0.10,,,
SCS,2025-09-01,A,0.10,0.10,0.10,,,
STC,2025-09-01,AA,6.70,6.70,0.09,,,6.70
STX,2025-09-01,A,2.90,3.70,3.70,,,
HLIO,2025-09-01,BB,4.40,6.70,6.70,,,
TGT,2025-09-01,AA,6.90,8.50,0.09,,8.50,
TECH,2025-09-01,A,9.10,9.10,9.10,,,
SGI,2025-09-01,BBB,3.40,7.90,7.90,,,
TREX,2025-09-01,BBB,3.40,0.04,0.04,,,
TRN,2025-09-01,AA,3.60,7.50,7.50,,,
TYL,2025-09-01,AA,5.10,9.70,9.70,,,
UNFI,2025-09-01,AA,3.40,3.60,0.10,,3.60,
VSEC,2025-09-01,A,0.08,0.08,0.08,,,
VTR,2025-09-01,BBB,5.30,8.90,8.90,,,
VRTX,2025-09-01,AA,4.80,0.10,0.10,,,
WTS,2025-09-01,AA,5.30,0.10,0.10,,,
WWW,2025-09-01,A,4.20,3.80,7.60,,3.80,
YUM,2025-09-01,BBB,4.90,0.10,0.10,,,
EBAY,2025-09-01,A,0.10,0.10,0.10,,,
CLMT,2025-09-01,B,1.80,2.10,2.10,,,
V,2025-09-01,AA,0.10,0.10,0.10,,,
UGI,2025-09-01,AAA,8.40,8.40,3.10,,,
CQP,2025-09-01,A,4.10,1.90,1.90,,,
DUK,2025-09-01,A,5.60,0.04,0.04,,,
GE,2025-09-01,BBB,2.60,0.10,0.10,,,
CNP,2025-09-01,A,6.20,5.20,5.20,,,
KEY,2025-09-01,AAA,5.70,0.06,0.06,,,
SO,2025-09-01,A,5.60,5.90,5.90,,,
AEP,2025-09-01,AA,6.80,7.50,7.50,,,
EIX,2025-09-01,A,0.06,9.90,0.10,,,
SPB,2025-09-01,AA,3.70,4.60,4.60,,,
SR,2025-09-01,AA,9.10,9.10,9.10,,,
AXP,2025-09-01,AA,0.10,0.10,0.10,,,
NEE,2025-09-01,BBB,5.10,5.80,5.80,,,
HTZ,2025-09-01,A,0.07,0.07,0.07,,,
CSX,2025-09-01,AA,6.10,6.10,6.10,,,
CTS,2025-09-01,A,3.60,6.50,6.50,,,
GT,2025-09-01,AA,2.60,0.10,0.10,,,
BCO,2025-09-01,BB,9.30,9.30,9.30,,,
D,2025-09-01,AA,7.40,7.30,7.30,,,
ABBV,2025-09-01,AA,8.20,0.10,0.10,,,
AIN,2025-09-01,A,3.20,9.10,9.10,,,
AMD,2025-09-01,AA,6.20,7.30,7.30,,,
BILL,2025-09-01,AA,3.90,5.50,5.50,,,
CWST,2025-09-01,BB,0.05,6.40,6.40,,,
ECPG,2025-09-01,AA,8.50,8.50,8.50,,,
BSX,2025-09-01,BBB,0.10,0.10,0.10,,,
AEO,2025-09-01,A,6.90,0.10,0.10,,0.10,
CUZ,2025-09-01,BBB,6.70,6.40,6.40,,,
CXW,2025-09-01,B,6.60,6.60,6.60,,,
FE,2025-09-01,A,6.30,7.90,7.90,,,
GCT,2025-09-01,A,0.06,9.20,9.20,,,
EL,2025-09-01,AAA,0.10,0.10,0.10,,,
ES,2025-09-01,B,3.70,6.80,6.80,,,
HUN,2025-09-01,BBB,4.60,7.10,7.10,,,
LB,2025-09-01,AA,4.60,4.60,0.10,,,
MTZ,2025-09-01,BBB,4.20,7.20,7.20,,,
OCFC,2025-09-01,BBB,1.20,1.20,8.30,,,
OTEX,2025-09-01,AA,6.40,0.10,0.10,,,
MKTX,2025-09-01,AA,0.09,0.09,0.09,,,
TDY,2025-09-01,A,0.04,0.10,0.10,,,
NFG,2025-09-01,AA,0.10,0.10,0.10,,,
LKQ,2025-09-01,AAA,0.04,0.04,0.10,,0.04,
CP,2025-09-01,A,5.20,5.20,5.20,,,
ITW,2025-09-01,BBB,4.40,0.10,0.10,,,
BAX,2025-09-01,BBB,0.10,0.10,0.10,,,
BELFA,2025-09-01,BB,2.50,0.10,0.10,,,
AZO,2025-09-01,BBB,3.20,0.04,0.10,,0.04,
BC,2025-09-01,A,3.70,0.10,0.10,,,
CACC,2025-09-01,BBB,0.07,0.07,0.07,,,
FOLD,2025-09-01,BB,1.90,7.80,7.80,,,
EXTR,2025-09-01,AA,3.10,0.10,0.10,,,
FBNC,2025-09-01,BB,0.40,0.40,0.08,,,
FIZZ,2025-09-01,CCC,0.80,0.00,0.05,,0.00,
BALL,2025-09-01,AAA,9.70,0.10,0.10,,,
ORA,2025-09-01,BBB,0.10,0.10,0.10,,,
COF,2025-09-01,A,0.10,0.10,0.10,,,
MCRI,2025-09-01,CCC,2.10,2.60,2.60,,,
PLPC,2025-09-01,CCC,2.80,5.60,5.60,,,
QCOM,2025-09-01,A,3.80,9.20,9.20,,,
POWI,2025-09-01,BBB,4.80,6.20,6.20,,,
MKSI,2025-09-01,BBB,4.50,9.10,9.10,,,
MLKN,2025-09-01,A,0.10,0.10,0.10,,,
RDN,2025-09-01,A,2.20,2.20,8.70,,,2.20
XOM,2025-09-01,A,3.70,0.04,0.04,,,
BB,2025-09-01,AA,8.70,8.70,8.70,,,
CAH,2025-09-01,AAA,0.10,0.10,0.10,,,
FHN,2025-09-01,BBB,1.70,1.70,9.70,,,
FLS,2025-09-01,AA,4.90,0.10,0.10,,,
AJG,2025-09-01,BBB,8.10,8.10,0.10,,,8.10
BDX,2025-09-01,BBB,0.10,0.10,0.10,,,
CBRL,2025-09-01,A,3.30,8.50,8.50,,,
NSP,2025-09-01,BB,8.30,8.30,8.30,,,
AVB,2025-09-01,A,6.50,9.20,9.20,,,
BUSE,2025-09-01,BBB,1.90,1.90,8.30,,,
ENB,2025-09-01,AA,5.50,6.90,6.90,,,
ATEC,2025-09-01,BBB,6.40,6.40,6.40,,,
COP,2025-09-01,A,3.90,3.70,3.20,,,
DOW,2025-09-01,AA,0.10,0.10,0.10,,,
DRS,2025-09-01,AA,0.03,6.40,6.40,,,
DUK,2025-09-01,AA,6.30,7.50,7.50,,,
HAL,2025-09-01,A,6.70,7.60,7.60,,,
CELH,2025-09-01,B,1.30,0.00,0.05,,0.00,
BHC,2025-09-01,A,3.60,0.10,0.10,,,
TMP,2025-09-01,BB,2.50,2.50,0.07,,,
MAC,2025-09-01,A,7.10,9.60,9.60,,,
MCO,2025-09-01,AA,0.10,0.10,0.10,,,
KTB,2025-09-01,A,2.80,2.80,0.10,,,
BKNG,2025-09-01,A,0.10,0.10,0.10,,,
MSTR,2025-09-01,A,4.80,6.70,6.70,,,
SRCE,2025-09-01,B,0.00,0.00,0.07,,,
NBTB,2025-09-01,BBB,0.02,0.02,0.08,,,
REG,2025-09-01,A,5.30,0.09,0.09,,,
UNH,2025-09-01,BBB,0.10,0.10,0.10,,,
WMK,2025-09-01,B,1.70,1.30,0.07,,1.30,
ACIW,2025-09-01,AAA,5.60,8.70,8.70,,,
HD,2025-09-01,AA,6.20,0.10,0.10,,0.10,
NLY,2025-09-01,A,0.09,0.09,0.09,,,
DRH,2025-09-01,BBB,5.30,9.60,9.60,,,
BEN,2025-09-01,A,4.10,4.10,0.10,,,
CIM,2025-09-01,AA,3.10,0.10,0.10,,,
AWI,2025-09-01,AA,6.10,7.90,7.90,,,
AX,2025-09-01,B,0.50,0.50,6.70,,,
APLD,2025-09-01,BB,4.30,4.60,4.60,,,
EQR,2025-09-01,BBB,6.10,8.90,8.90,,,
EMN,2025-09-01,BBB,4.20,6.10,6.10,,,
FIX,2025-09-01,AA,2.90,0.10,0.10,,,
DINO,2025-09-01,A,4.20,5.30,5.30,,,
HRL,2025-09-01,AA,3.20,0.30,9.10,,0.30,
HST,2025-09-01,BBB,0.06,9.60,9.60,,,
IEX,2025-09-01,AA,4.70,0.10,0.10,,,
HTGC,2025-09-01,B,0.07,0.07,0.07,,,
LII,2025-09-01,AAA,6.40,9.50,9.50,,,
MAT,2025-09-01,A,6.90,0.10,0.10,,,
GIC,2025-09-01,BBB,2.90,7.10,7.10,,,
LBTYA,2025-09-01,A,0.10,0.10,0.10,,,
INVA,2025-09-01,BB,1.90,6.40,6.40,,,
SHOO,2025-09-01,AA,6.50,8.70,0.10,,8.70,
WSFS,2025-09-01,BBB,1.80,1.80,0.08,,,
WTFC,2025-09-01,BBB,0.60,0.60,8.70,,,
PIPR,2025-09-01,BB,2.30,2.30,8.70,,,
NNN,2025-09-01,BB,3.60,6.30,6.30,,,
NJR,2025-09-01,AA,0.10,0.10,0.10,,,
TMO,2025-09-01,BB,9.20,9.20,9.20,,,
ABM,2025-09-01,A,8.30,8.30,8.30,,,
AMG,2025-09-01,AA,4.60,8.10,8.10,,,
AMP,2025-09-01,BBB,0.10,0.10,0.10,,,
AZZ,2025-09-01,AA,6.10,9.90,9.90,,,
AAON,2025-09-01,AA,5.20,7.90,7.90,,,
ABT,2025-09-01,BBB,0.10,0.10,0.10,,,
AVAV,2025-09-01,A,4.50,8.30,8.30,,,
CVS,2025-09-01,BBB,0.10,0.10,0.10,,,
AIR,2025-09-01,AA,4.60,4.60,4.60,,,
ALNY,2025-09-01,AA,0.05,8.30,8.30,,,
AEE,2025-09-01,A,6.60,7.10,7.10,,,
AXP,2025-09-01,AA,0.10,0.10,0.10,,,
AMWD,2025-09-01,A,0.05,4.90,4.90,,,
OXY,2025-09-01,A,4.50,4.80,4.80,,,
ABR,2025-09-01,B,0.07,0.07,0.07,,,
ARW,2025-09-01,AA,0.04,0.10,0.10,,,
AIZ,2025-09-01,AAA,8.30,8.30,0.10,,,8.30
TRGP,2025-09-01,AA,4.70,2.10,2.10,,,
ALV,2025-09-01,BBB,2.90,0.10,0.10,,,
BCPC,2025-09-01,A,5.60,0.10,0.10,,,
BANR,2025-09-01,A,1.50,1.50,0.08,,,
QXO,2025-09-01,A,2.90,0.10,0.10,,,
BBY,2025-09-01,AAA,5.30,5.30,0.09,,5.30,
ANIP,2025-09-01,BB,1.90,6.40,6.40,,,
AVGO,2025-09-01,AA,5.20,0.10,0.10,,,
CBRE,2025-09-01,AAA,5.70,0.10,0.10,,,
CBL,2025-09-01,BBB,3.60,5.60,5.60,,,
CECO,2025-09-01,A,0.05,6.50,6.50,,,
CG,2025-09-01,BBB,0.02,4.80,4.80,,,
CVX,2025-09-01,BB,3.80,5.50,5.50,,,
CIEN,2025-09-01,AA,3.10,0.10,0.10,,,
CGNX,2025-09-01,BBB,3.30,8.40,8.40,,,
XPO,2025-09-01,AA,6.70,6.70,6.70,,,
INGR,2025-09-01,AA,4.90,7.60,7.60,,,
CE,2025-09-01,A,4.60,4.60,0.10,,,
CROX,2025-09-01,AA,7.70,7.70,6.50,,7.70,
LIVN,2025-09-01,A,0.10,0.10,0.10,,,
CYTK,2025-09-01,AA,6.10,0.09,0.09,,,
DHI,2025-09-01,A,4.70,7.80,7.80,,,
EPC,2025-09-01,AA,5.80,4.80,0.10,,4.80,
EFSC,2025-09-01,BBB,0.00,0.00,0.07,,,
EPR,2025-09-01,BBB,4.20,8.60,8.60,,,
RF,2025-09-01,AA,8.40,8.40,8.40,,,
FLEX,2025-09-01,A,4.50,0.10,0.10,,,
F,2025-09-01,BB,4.40,3.10,0.10,,3.10,
GAP,2025-09-01,AA,0.07,9.60,0.10,,9.60,
GNW,2025-09-01,BB,4.70,4.70,8.70,,,4.70
GTY,2025-09-01,B,3.70,6.30,6.30,,,
GSAT,2025-09-01,BBB,6.60,6.60,6.60,,,
GEF,2025-09-01,AA,8.10,9.20,9.20,,,
HRI,2025-09-01,BBB,2.90,6.60,6.60,,,
HWKN,2025-09-01,A,4.40,8.80,8.80,,,
IQV,2025-09-01,AAA,0.10,0.10,0.10,,,
INSM,2025-09-01,BBB,2.40,8.40,8.40,,,
IVZ,2025-09-01,AA,0.10,0.10,0.10,,,
WLY,2025-09-01,BBB,0.10,0.10,0.10,,,
LSCC,2025-09-01,AA,3.80,6.70,6.70,,,
L,2025-09-01,A,6.30,0.07,0.10,,0.07,
LOW,2025-09-01,AA,6.30,9.30,0.10,,9.30,
MTG,2025-09-01,A,1.50,1.50,8.70,,,1.50
MGM,2025-09-01,A,6.90,9.40,9.40,,,
MTN,2025-09-01,AA,0.10,0.10,0.10,,,
M,2025-09-01,AAA,6.10,0.08,6.70,,0.08,
MASI,2025-09-01,BB,8.10,8.10,8.10,,,
MGRC,2025-09-01,AA,2.90,8.90,8.90,,,
GCT,2025-09-01,A,0.06,9.20,9.20,,,
MRK,2025-09-01,AAA,6.70,0.10,0.10,,,
MMSI,2025-09-01,A,0.10,0.10,0.10,,,
MU,2025-09-01,A,0.05,9.10,9.10,,,
MTX,2025-09-01,AA,6.40,8.50,8.50,,,
MHK,2025-09-01,BBB,7.30,7.30,7.30,,,
NNI,2025-09-01,BB,6.70,6.70,6.70,,,
NEOG,2025-09-01,BBB,6.30,6.30,6.30,,,
CLS,2025-09-01,AA,6.10,6.10,0.10,,6.10,
ORA,2025-09-01,A,8.70,0.10,0.10,,,
POST,2025-09-01,AAA,0.10,0.10,0.10,,,
PPL,2025-09-01,B,4.40,5.40,5.40,,,
PTC,2025-09-01,AA,5.90,0.10,0.10,,,
PFE,2025-09-01,BBB,6.20,0.10,0.10,,,
POOL,2025-09-01,AA,2.90,2.90,8.30,,2.90,
PRU,2025-09-01,AA,5.60,5.60,0.10,,,5.60
PHM,2025-09-01,A,3.50,6.50,6.50,,,
REGN,2025-09-01,A,4.70,8.70,8.70,,,
RNST,2025-09-01,BBB,0.00,0.00,0.07,,,
RMD,2025-09-01,A,9.60,9.60,9.60,,,
PRIM,2025-09-01,A,0.03,6.30,6.30,,,
STBA,2025-09-01,BBB,0.01,0.01,0.08,,,
SSB,2025-09-01,BBB,0.01,0.01,0.07,,,
SAFE,2025-09-01,AA,6.20,0.09,0.09,,,
SLB,2025-09-01,A,8.10,9.40,9.40,,,
SHW,2025-09-01,AA,7.20,0.10,0.10,,,
SKYW,2025-09-01,BBB,2.80,2.80,2.80,,,
SON,2025-09-01,A,4.80,5.50,0.10,,5.50,
SON,2025-09-01,A,5.10,6.80,6.80,,,
JOE,2025-09-01,BBB,2.30,4.60,4.60,,,
SWK,2025-09-01,A,0.05,0.10,0.10,,,
STRA,2025-09-01,BBB,6.40,6.40,6.40,,,
SUI,2025-09-01,BB,4.60,9.70,9.70,,,
GEN,2025-09-01,A,0.10,0.10,0.10,,,
SYNA,2025-09-01,BB,3.80,0.09,0.09,,,
TFSL,2025-09-01,B,3.50,3.50,6.70,,,
SKT,2025-09-01,BBB,7.10,9.60,9.60,,,
TFX,2025-09-01,AA,0.10,0.10,0.10,,,
TNC,2025-09-01,A,4.40,0.10,0.10,,,
TCBI,2025-09-01,BBB,0.60,0.60,0.08,,,
TOL,2025-09-01,BBB,4.40,5.60,5.60,,,
TTC,2025-09-01,A,4.60,0.10,0.10,,,
UMH,2025-09-01,B,4.40,5.60,5.60,,,
LEU,2025-09-01,BB,0.02,2.90,2.90,,,
UPS,2025-09-01,BBB,9.40,9.40,9.40,,,
AD,2025-09-01,BBB,6.20,6.20,6.20,,,
USLM,2025-09-01,BB,0.02,0.70,0.70,,,
UEC,2025-09-01,BBB,2.60,4.30,4.30,,,
VFC,2025-09-01,AAA,8.60,0.10,0.10,,0.10,
VLY,2025-09-01,BBB,1.30,1.30,0.08,,,
VC,2025-09-01,AA,4.30,0.10,0.10,,,
WRB,2025-09-01,BB,3.90,3.90,0.09,,,3.90
ELME,2025-09-01,A,6.60,9.60,9.60,,,
EVRG,2025-09-01,A,5.90,5.90,3.20,,,
CHRD,2025-09-01,BB,1.50,0.00,0.00,,,
WMB,2025-09-01,AA,4.90,4.40,4.40,,,
TNL,2025-09-01,AA,4.70,8.20,8.20,,,
EXC,2025-09-01,AA,7.40,7.70,7.70,,,
KDP,2025-09-01,AA,4.50,7.50,0.10,,7.50,
DUK,2025-09-01,AA,6.30,7.50,7.50,,,
ET,2025-09-01,BB,3.10,3.40,3.40,,,
LNT,2025-09-01,AA,6.90,5.90,8.70,,,
AEP,2025-09-01,A,6.40,5.20,5.20,,,
TLN,2025-09-01,CCC,1.30,2.60,2.60,,,
PBH,2025-09-01,A,3.70,0.70,9.30,,0.70,
SRE,2025-09-01,A,5.70,5.90,5.90,,,
UELMO,2025-09-01,A,6.60,7.10,6.40,,,
WNS,2025-09-01,A,0.10,0.10,0.10,,,
F,2025-09-01,BB,4.40,3.10,6.70,,3.10,
EXC,2025-09-01,AA,7.30,9.20,5.40,,,
KMI,2025-09-01,A,4.90,5.30,5.30,,,
WMB,2025-09-01,A,5.60,7.30,7.30,,,
CNK,2025-09-01,AA,8.30,8.30,8.30,,,
SBH,2025-09-01,AA,1.20,1.20,7.50,,1.20,
SYK,2025-09-01,A,0.10,0.10,0.10,,,
LPX,2025-09-01,A,5.50,5.50,5.50,,,
CMI,2025-09-01,AAA,5.50,0.10,0.10,,,
KAR,2025-09-01,AA,3.40,5.70,5.70,,,
AAL,2025-09-01,A,3.70,7.30,7.30,,,
AYI,2025-09-01,AA,6.20,0.10,0.10,,,
CTAS,2025-09-01,A,8.40,8.40,8.40,,,
FFIV,2025-09-01,AAA,5.40,0.10,0.10,,,
INCY,2025-09-01,AA,4.50,0.10,0.10,,,
THRM,2025-09-01,A,3.20,0.10,0.10,,,
DOW,2025-09-01,AA,4.70,5.90,5.90,,,
SIG,2025-09-01,AAA,9.70,9.70,9.70,,,
WOR,2025-09-01,AA,3.80,0.10,0.10,,,
DCI,2025-09-01,AA,5.40,0.10,0.10,,,
BMY,2025-09-01,AA,0.04,0.10,0.10,,,
ACA,2025-09-01,AA,8.90,8.90,0.10,,,
CRH,2025-09-01,AAA,9.40,8.90,8.90,,,
SEB,2025-09-01,B,1.50,0.20,4.30,,0.20,
JHG,2025-09-01,AAA,0.10,0.10,0.10,,,
LXP,2025-09-01,BBB,5.60,0.09,0.09,,,
LZB,2025-09-01,A,5.90,0.10,0.10,,,
EXC,2025-09-01,AA,7.30,9.20,9.20,,,
C,2025-09-01,A,8.60,8.60,0.10,,,
DOC,2025-09-01,BB,3.80,9.90,9.90,,,
MNKD,2025-09-01,BBB,0.05,0.07,0.07,,,
WDFC,2025-09-01,A,3.80,0.04,3.90,,0.04,
XRAY,2025-09-01,A,0.10,0.10,0.10,,,
VSAT,2025-09-01,BBB,2.40,0.09,0.09,,,
ACI,2025-09-01,BBB,4.30,4.30,0.10,,4.30,
WEC,2025-09-01,A,6.40,6.60,6.60,,,
T,2025-09-01,A,0.10,0.10,0.10,,,
CPB,2025-09-01,AA,4.50,7.60,9.90,,7.60,
VYX,2025-09-01,AA,5.70,0.10,0.10,,,
AXS,2025-09-01,A,4.90,4.90,0.10,,,4.90
ACN,2025-09-01,AA,7.50,0.10,0.10,,,
HPQ,2025-09-01,AA,0.04,0.10,0.10,,,
CLH,2025-09-01,BB,2.50,4.10,4.10,,,
AMSC,2025-09-01,A,4.10,6.20,6.20,,,
ATI,2025-09-01,A,2.90,4.40,4.40,,,
INTC,2025-09-01,AAA,7.20,0.10,0.10,,,
MU,2025-09-01,A,0.05,9.10,9.10,,,
MTCH,2025-09-01,BB,0.10,0.10,0.10,,,
BHC,2025-09-01,A,3.60,0.10,0.10,,,
IPGP,2025-09-01,BBB,3.10,9.50,9.50,,,
AKAM,2025-09-01,AAA,0.10,0.10,0.10,,,
CIM,2025-09-01,B,0.08,0.08,0.08,,,
MDXG,2025-09-01,BB,4.10,6.30,6.30,,,
MEG,2025-09-01,BB,3.70,8.40,8.40,,,
QCRH,2025-09-01,BBB,0.00,0.00,0.08,,,
ONTO,2025-09-01,AA,3.40,0.10,0.10,,,
AMZN,2025-09-01,BBB,6.40,9.90,0.10,,9.90,
NOG,2025-09-01,B,2.30,4.30,4.30,,,
GLW,2025-09-01,BBB,3.30,0.07,0.07,,,
OLN,2025-09-01,BBB,2.90,6.40,6.40,,,
TRV,2025-09-01,AA,6.50,6.50,0.10,,,6.50
LH,2025-09-01,AA,0.10,0.10,0.10,,,
CRM,2025-09-01,AA,6.60,0.10,0.10,,,
SM,2025-09-01,BBB,4.70,9.30,9.30,,,
BHE,2025-09-01,AA,2.40,0.10,0.10,,,
BXP,2025-09-01,A,7.60,9.70,9.70,,,
WTRG,2025-09-01,AA,6.50,8.40,8.40,,,
ACLS,2025-09-01,BB,2.40,8.80,8.80,,,
ASB,2025-09-01,AA,2.40,9.70,9.70,,,
PCT,2025-09-01,A,6.20,8.90,8.90,,,
INVX,2025-09-01,AA,7.70,8.70,8.70,,,
EMR,2025-09-01,BBB,2.40,5.50,5.50,,,
IDA,2025-09-01,AA,6.70,6.10,6.10,,,
IMO,2025-09-01,A,4.30,4.30,4.30,,,
ACGL,2025-09-01,AA,6.50,6.50,0.10,,,6.50
NKE,2025-09-01,BB,8.10,9.60,0.10,,9.60,
MOD,2025-09-01,AA,0.02,0.10,0.10,,,
PBI,2025-09-01,A,0.08,0.08,0.08,,,
SFNC,2025-09-01,BB,0.20,0.20,0.08,,,
PLXS,2025-09-01,AA,2.30,0.10,0.10,,,
NVAX,2025-09-01,B,4.60,6.20,6.20,,,
SWKS,2025-09-01,BBB,5.40,8.90,8.90,,,
WWD,2025-09-01,A,2.10,8.60,8.60,,,
AXON,2025-09-01,AA,3.50,6.70,6.70,,,
PII,2025-09-01,BBB,5.30,5.30,0.10,,5.30,
WTW,2025-09-01,AA,9.50,9.50,0.10,,,9.50
THO,2025-09-01,BBB,6.30,9.60,0.10,,9.60,
SHW,2025-09-01,AA,7.20,0.10,0.10,,,
MCD,2025-09-01,A,5.20,0.10,0.10,,,
SLB,2025-09-01,A,8.10,9.40,9.40,,,
FE,2025-09-01,A,6.30,7.90,7.90,,,
AIV,2025-09-01,BB,3.90,5.80,5.80,,,
PLD,2025-09-01,AA,6.30,9.30,9.30,,,
CDNS,2025-09-01,AA,6.60,0.10,0.10,,,
FCFS,2025-09-01,CCC,0.08,0.08,0.07,,,
FFIN,2025-09-01,BB,1.30,1.30,0.08,,,
ILMN,2025-09-01,A,0.10,0.10,0.10,,,
GBCI,2025-09-01,A,1.20,1.20,0.07,,,
SCHW,2025-09-01,BBB,4.50,4.50,0.09,,,
SSNC,2025-09-01,B,0.08,0.08,0.08,,,
NHC,2025-09-01,BBB,1.80,0.50,0.50,,,
CNX,2025-09-01,A,3.40,3.60,3.60,,,
DEI,2025-09-01,BB,0.06,8.90,8.90,,,
EFC,2025-09-01,B,0.08,0.08,0.08,,,
KMT,2025-09-01,AA,4.10,8.40,8.40,,,
WBD,2025-09-01,AA,5.10,0.10,0.10,,,
MTB,2025-09-01,A,1.90,1.90,0.10,,,
NFG,2025-09-01,AA,6.10,5.70,5.70,,,
ES,2025-09-01,AA,7.30,0.10,0.10,,,
SAIA,2025-09-01,A,4.20,4.20,4.20,,,
WM,2025-09-01,BBB,4.10,6.60,6.60,,,
RMBS,2025-09-01,A,3.60,7.20,7.20,,,
SHO,2025-09-01,BBB,5.90,8.90,8.90,,,
TSCO,2025-09-01,AA,6.70,8.10,0.10,,8.10,
RRX,2025-09-01,BBB,5.10,0.10,0.10,,,
RGA,2025-09-01,A,5.40,5.40,0.10,,,5.40
UVV,2025-09-01,A,4.50,0.10,0.10,,,
PRSU,2025-09-01,A,4.20,4.20,4.20,,,
OFG,2025-09-01,BBB,2.70,2.70,7.30,,,
DE,2025-09-01,AA,5.80,0.10,0.10,,,
AIR,2025-09-01,A,2.10,7.10,7.10,,,
AES,2025-09-01,BBB,7.30,0.10,0.10,,,
AAP,2025-09-01,AA,5.70,0.09,0.10,,0.09,
BFH,2025-09-01,A,0.10,0.10,0.10,,,
ALL,2025-09-01,A,5.60,5.60,0.10,,,5.60
AIG,2025-09-01,BBB,0.07,0.07,0.10,,,0.07
ABCB,2025-09-01,BBB,1.20,1.20,0.07,,,
APOG,2025-09-01,BBB,4.50,0.06,0.06,,,
AAPL,2025-09-01,BBB,0.04,0.10,0.10,,,
ABG,2025-09-01,A,2.20,0.02,7.40,,0.02,
ATRO,2025-09-01,BBB,3.20,5.80,5.80,,,
ATO,2025-09-01,AA,8.10,8.10,8.10,,,
TGNA,2025-09-01,AA,0.09,0.09,0.09,,,
BYD,2025-09-01,A,5.20,7.30,7.30,,,
CI,2025-09-01,AA,0.10,0.10,0.10,,,
CRAI,2025-09-01,BBB,0.10,0.10,0.10,,,
CVBF,2025-09-01,BBB,0.00,0.00,6.70,,,
CALM,2025-09-01,BB,2.30,0.00,5.10,,0.00,
BXMT,2025-09-01,BBB,6.70,6.70,6.70,,,
PRDO,2025-09-01,BB,5.90,5.90,5.90,,,
CAT,2025-09-01,AA,4.90,0.10,0.10,,,
CVCO,2025-09-01,BBB,4.20,7.70,7.70,,,
CE,2025-09-01,A,0.05,0.07,0.07,,,
LUMN,2025-09-01,AA,0.10,0.10,0.10,,,
CPK,2025-09-01,A,0.07,0.07,0.07,,,
TPR,2025-09-01,AA,7.70,9.50,0.10,,9.50,
COKE,2025-09-01,B,1.70,0.10,6.30,,0.10,
CNS,2025-09-01,BB,6.70,6.70,6.70,,,
CVLT,2025-09-01,AAA,8.70,8.70,8.70,,,
CCK,2025-09-01,AA,8.70,0.10,0.10,,,
CW,2025-09-01,A,0.02,7.70,7.70,,,
DAN,2025-09-01,B,0.04,0.10,0.10,,,
DK,2025-09-01,A,3.50,4.30,4.30,,,
DOV,2025-09-01,AA,4.60,0.10,0.10,,,
DCO,2025-09-01,A,2.20,8.70,8.70,,,
ETN,2025-09-01,A,6.30,0.10,0.10,,,
UUUU,2025-09-01,BBB,1.70,1.90,1.90,,,
ENTG,2025-09-01,BBB,5.10,7.60,7.60,,,
ARR,2025-09-01,B,0.08,0.08,0.08,,,
ELS,2025-09-01,BB,4.70,7.30,7.30,,,
TDG,2025-09-01,BB,0.02,0.10,0.10,,,
ET,2025-09-01,CCC,3.40,6.70,6.70,,,
EZPW,2025-09-01,BB,0.08,0.08,0.08,,,
FCF,2025-09-01,BBB,0.60,0.60,6.70,,,
WSBC,2025-09-01,BB,1.50,1.50,6.70,,,
CIGI,2025-09-01,A,5.90,0.10,0.10,,,
FLR,2025-09-01,BBB,3.50,9.70,9.70,,,
FORM,2025-09-01,BB,3.30,8.40,8.40,,,
FELE,2025-09-01,AA,5.50,8.60,8.60,,,
ROG,2025-09-01,A,6.50,0.10,0.10,,,
GPN,2025-09-01,BBB,0.10,0.10,0.10,,,
GVA,2025-09-01,AA,4.50,9.70,9.70,,,
HNI,2025-09-01,AA,6.20,0.10,0.10,,,
NVRI,2025-09-01,BB,3.10,0.06,0.06,,,
HTO,2025-09-01,A,0.10,0.10,0.10,,,
HOMB,2025-09-01,BB,0.20,0.20,0.08,,,
IDT,2025-09-01,B,6.50,6.50,6.50,,,
IMAX,2025-09-01,AA,6.70,6.70,6.70,,,
AEP,2025-09-01,BBB,0.06,0.09,0.09,,,
IBKR,2025-09-01,BB,0.09,0.09,0.09,,,
KKR,2025-09-01,BBB,0.07,0.07,0.07,,,
MC,2025-09-01,A,7.90,0.10,0.10,,0.10,
SR,2025-09-01,AA,9.10,9.10,9.10,,,
MZTI,2025-09-01,CCC,0.90,0.80,5.50,,0.80,
JEF,2025-09-01,BBB,0.03,0.03,0.09,,,
MSM,2025-09-01,BBB,3.70,0.07,0.07,,,
MSEX,2025-09-01,BB,4.80,6.60,6.60,,,
MOG.A,2025-09-01,A,2.70,9.10,9.10,,,
MOH,2025-09-01,AA,6.30,8.70,8.70,,,
MSI,2025-09-01,AA,2.90,0.10,0.10,,,
NHC,2025-09-01,BB,5.20,5.20,5.20,,,
NEO,2025-09-01,AA,7.10,7.10,7.10,,,
FLG,2025-09-01,BB,0.30,0.30,0.10,,,
NTRS,2025-09-01,A,0.10,0.10,0.10,,,
NOC,2025-09-01,A,2.20,0.10,0.10,,,
NG,2025-09-01,A,2.70,2.10,2.10,,,
OGE,2025-09-01,BBB,5.10,4.30,4.30,,,
ODFL,2025-09-01,A,5.40,5.40,5.40,,,
OSK,2025-09-01,AAA,5.40,0.10,0.10,,,
PKG,2025-09-01,BB,4.10,7.40,7.40,,,
PRK,2025-09-01,BB,2.20,2.20,6.70,,,
PATK,2025-09-01,BBB,3.80,4.70,4.70,,,
PAY,2025-09-01,BBB,0.10,0.10,0.10,,,
PPC,2025-09-01,BBB,4.20,6.30,6.30,,,
PEP,2025-09-01,A,4.40,8.80,0.10,,8.80,
PSN,2025-09-01,A,4.30,8.80,8.80,,,
PCOR,2025-09-01,B,4.20,6.50,6.50,,,
KWR,2025-09-01,BB,3.70,6.60,6.60,,,
RYN,2025-09-01,A,5.30,7.80,7.80,,,
RTX,2025-09-01,BBB,4.30,0.10,0.10,,,
RES,2025-09-01,B,3.70,0.08,0.08,,,
ROP,2025-09-01,A,5.90,0.09,0.09,,,
SAFT,2025-09-01,CCC,1.70,1.70,6.70,,,1.70
SANM,2025-09-01,BBB,4.70,0.10,0.10,,,
SRE,2025-09-01,AA,6.70,8.10,8.10,,,
SWX,2025-09-01,AA,8.80,8.80,8.80,,,
SBUX,2025-09-01,A,5.20,0.10,0.10,,,
TRN,2025-09-01,AA,8.40,7.40,7.40,,,
TJX,2025-09-01,A,3.20,0.05,0.10,,0.05,
TKO,2025-09-01,BBB,2.60,3.40,3.40,,,
TDS,2025-09-01,BBB,8.50,8.50,8.50,,,
THC,2025-09-01,BB,6.70,6.70,6.70,,,
TEVA,2025-09-01,BBB,4.40,0.10,0.10,,,
TDW,2025-09-01,A,7.10,7.20,7.20,,,
TDG,2025-09-01,BB,0.02,0.10,0.10,,,
HROW,2025-09-01,BB,2.10,6.40,6.40,,,
TCBK,2025-09-01,BB,0.00,0.00,6.70,,,
UAA,2025-09-01,A,4.70,6.60,0.10,,6.60,
RTX,2025-09-01,BBB,4.30,0.10,0.10,,,
URBN,2025-09-01,A,3.40,3.50,7.80,,3.50,
WMG,2025-09-01,A,0.10,0.10,0.10,,,
WAFD,2025-09-01,BB,1.60,1.60,0.08,,,
WDC,2025-09-01,AAA,4.70,0.10,0.10,,,
WLK,2025-09-01,BB,3.50,5.50,5.50,,,
ZBH,2025-09-01,AA,9.40,9.40,9.40,,,
PLUS,2025-09-01,A,3.80,7.70,7.70,,,
HI,2025-09-01,AA,0.04,8.50,8.50,,,
AWK,2025-09-01,A,5.30,9.10,9.10,,,
ABG,2025-09-01,BBB,0.06,8.90,8.90,,,
BX,2025-09-01,B,7.30,7.30,0.09,,,
IEP,2025-09-01,CCC,3.50,5.80,5.80,,,
PD,2025-09-01,BB,3.30,0.04,0.04,,,
EVRG,2025-09-01,BBB,3.60,3.80,3.80,,,
VZ,2025-09-01,A,0.10,0.10,0.10,,,
XEL,2025-09-01,AA,6.80,5.80,5.80,,,
XEL,2025-09-01,AA,7.30,7.50,7.50,,,
WMB,2025-09-01,AA,4.90,4.40,4.40,,,
FE,2025-09-01,A,6.10,6.90,6.90,,,
T,2025-09-01,BBB,0.10,0.10,0.10,,,
PNW,2025-09-01,A,6.30,5.60,0.06,,,
CAT,2025-09-01,AA,4.90,0.10,0.10,,,
HRB,2025-09-01,A,8.90,8.90,8.90,,,
CTRA,2025-09-01,BBB,3.80,4.50,4.50,,,
SPGI,2025-09-01,AAA,0.10,0.10,0.10,,,
MLM,2025-09-01,AA,5.60,7.20,7.20,,,
WGO,2025-09-01,AA,6.50,9.60,0.10,,9.60,
CPRX,2025-09-01,A,2.30,7.70,7.70,,,
CSGS,2025-09-01,AA,0.10,0.10,0.10,,,
L,2025-09-01,BB,5.40,5.40,0.08,,,5.40
CTBI,2025-09-01,BBB,2.10,2.10,6.70,,,
CAG,2025-09-01,AA,4.30,5.60,0.09,,5.60,
ASGN,2025-09-01,A,5.10,0.10,0.10,,,
AEIS,2025-09-01,AA,2.90,0.10,0.10,,,
WES,2025-09-01,AA,8.10,0.10,0.10,,0.10,
KSS,2025-09-01,AA,6.20,9.90,0.10,,9.90,
RGLD,2025-09-01,AA,2.40,0.06,0.06,,,
SCHW,2025-09-01,BBB,4.50,4.50,0.09,,,
PEGA,2025-09-01,AA,5.80,0.10,0.10,,,
TROW,2025-09-01,AA,0.10,0.10,0.10,,,
WERN,2025-09-01,AA,8.10,8.10,8.10,,,
UBSI,2025-09-01,A,1.50,1.50,0.08,,,
PNC,2025-09-01,AA,5.90,5.90,0.10,,,
XOM,2025-09-01,BB,4.30,5.90,5.90,,,
DLB,2025-09-01,AA,8.80,8.80,8.80,,,
WM,2025-09-01,BBB,4.10,6.60,6.60,,,
CLX,2025-09-01,AAA,6.90,0.10,8.90,,0.10,
ALE,2025-09-01,A,0.06,5.30,5.30,,,
ALB,2025-09-01,A,4.70,8.30,8.30,,,
PARR,2025-09-01,BBB,3.20,3.40,3.40,,,
FRME,2025-09-01,BB,0.30,0.30,6.70,,,
COHR,2025-09-01,BBB,3.50,9.50,9.50,,,
MNST,2025-09-01,BB,2.50,5.80,7.20,,5.80,
CBT,2025-09-01,A,4.90,5.70,5.70,,,
AGYS,2025-09-01,A,4.70,6.70,6.70,,,
BDX,2025-09-01,AA,4.30,0.10,0.10,,,
SUN,2025-09-01,AAA,8.50,8.50,0.10,,,8.50
DGX,2025-09-01,AAA,8.50,8.50,8.50,,,
ESE,2025-09-01,AA,3.60,0.09,0.09,,,
EVR,2025-09-01,BB,2.30,2.30,8.30,,,
GBX,2025-09-01,A,2.90,0.10,0.10,,,
LKQ,2025-09-01,AAA,0.04,0.04,0.10,,0.04,
OSK,2025-09-01,BBB,4.10,0.09,0.09,,,
PAG,2025-09-01,AA,3.70,3.70,0.10,,,
KRC,2025-09-01,BBB,7.10,0.09,0.09,,,
UPBD,2025-09-01,AA,3.30,3.30,7.90,,3.30,
SLGN,2025-09-01,BB,6.20,6.70,6.70,,,
MDGL,2025-09-01,B,1.90,6.40,6.40,,,
MPWR,2025-09-01,A,4.80,9.80,9.80,,,
STRL,2025-09-01,A,2.80,6.20,6.20,,,
SM,2025-09-01,A,3.80,4.70,4.70,,,
PNW,2025-09-01,A,6.30,5.60,5.60,,,
WEN,2025-09-01,AA,6.20,0.10,0.10,,,
XEL,2025-09-01,AA,7.30,7.50,7.50,,,
WSM,2025-09-01,AAA,7.60,0.10,0.10,,0.10,
SXI,2025-09-01,BBB,3.80,8.40,8.40,,,
T,2025-09-01,BBB,0.10,0.10,0.10,,,
DPZ,2025-09-01,BBB,1.90,0.10,0.10,,,
SYY,2025-09-01,A,5.40,5.20,0.10,,5.20,
CVX,2025-09-01,BB,3.80,5.50,5.50,,,
CHCO,2025-09-01,BBB,2.50,2.50,0.08,,,
CHDN,2025-09-01,BBB,3.10,4.90,4.90,,,
AVA,2025-09-01,AA,7.30,9.30,9.30,,,
BA,2025-09-01,BB,3.60,0.10,0.10,,,
DXPE,2025-09-01,BB,4.90,0.08,0.08,,,
DIOD,2025-09-01,BB,4.10,0.07,0.07,,,
FSLR,2025-09-01,AA,0.07,7.50,7.50,,,
IP,2025-09-01,AA,5.90,7.40,7.40,,,
ICUI,2025-09-01,AA,7.60,7.60,7.60,,,
GTLS,2025-09-01,A,3.80,0.10,0.10,,,
T,2025-09-01,BBB,0.10,0.10,0.10,,,
ATRC,2025-09-01,AA,6.70,6.70,6.70,,,
G,2025-09-01,AA,0.10,0.10,0.10,,,
GWW,2025-09-01,AAA,4.20,0.10,0.10,,,
JPM,2025-09-01,A,7.60,7.60,0.10,,,
GEL,2025-09-01,BBB,4.40,2.50,2.50,,,
MMC,2025-09-01,AA,0.10,0.10,0.10,,,0.10
MFA,2025-09-01,BB,6.70,6.70,6.70,,,
SNPS,2025-09-01,AA,0.06,0.10,0.10,,,
SBCF,2025-09-01,BB,0.70,0.70,0.08,,,
MAR,2025-09-01,BBB,6.40,9.10,9.10,,,
MTH,2025-09-01,A,4.80,7.80,7.80,,,
CRK,2025-09-01,CCC,1.30,0.00,0.00,,,
BR,2025-09-01,AAA,0.10,0.10,0.10,,,
MCK,2025-09-01,AA,0.10,0.10,0.10,,,
JLL,2025-09-01,AA,5.50,0.10,0.10,,,
UNP,2025-09-01,AA,5.90,5.90,5.90,,,
COLB,2025-09-01,BBB,0.40,0.40,6.70,,,
ADM,2025-09-01,AA,6.10,0.10,0.10,,,
CON,2025-09-01,BBB,4.50,0.10,0.10,,,
VAL,2025-09-01,AA,3.40,5.90,5.90,,,
DVAX,2025-09-01,A,4.10,0.06,0.06,,,
ERIE,2025-09-01,B,1.40,1.40,6.70,,,1.40
EXAS,2025-09-01,A,3.10,0.09,0.09,,,
WBD,2025-09-01,BBB,0.09,0.09,0.09,,,
INOD,2025-09-01,B,7.20,7.20,7.20,,,
ADBE,2025-09-01,AAA,5.80,0.10,0.10,,,
EXE,2025-09-01,BBB,3.40,3.20,3.20,,,
DIS,2025-09-01,BBB,0.10,0.10,0.10,,,
FLO,2025-09-01,A,3.80,4.10,9.50,,4.10,
FMC,2025-09-01,A,6.60,0.10,0.10,,,
FUL,2025-09-01,A,5.80,7.30,7.30,,,
CSL,2025-09-01,AA,5.60,0.10,0.10,,,
KO,2025-09-01,AA,0.05,0.10,0.10,,0.10,
SRE,2025-09-01,AA,3.80,6.60,6.60,,,
OXY,2025-09-01,A,4.50,4.80,4.80,,,
NDAQ,2025-09-01,AA,0.10,0.10,0.10,,,
SIGI,2025-09-01,AA,6.30,6.30,0.09,,,6.30
SMCI,2025-09-01,B,0.03,9.70,9.70,,,
TSN,2025-09-01,BBB,2.70,0.60,8.40,,0.60,
RF,2025-09-01,A,0.04,0.04,0.10,,,
NPO,2025-09-01,A,3.40,7.70,7.70,,,
TEL,2025-09-01,AAA,0.10,0.10,0.10,,,
PPL,2025-09-01,BBB,5.50,3.40,3.40,,,
D,2025-09-01,AA,7.40,7.30,7.30,,,
OHI,2025-09-01,BBB,3.50,6.30,6.30,,,
VRNT,2025-09-01,AA,5.50,0.09,0.09,,,
MMM,2025-09-01,AAA,5.40,0.10,0.10,,,
ACM,2025-09-01,A,6.20,0.10,0.10,,,
CRBG,2025-09-01,BB,0.05,0.05,6.70,,,
AAL,2025-09-01,BBB,5.30,5.30,5.30,,,
T,2025-09-01,BBB,0.10,0.10,0.10,,,
VCEL,2025-09-01,BB,4.10,5.70,5.70,,,
EPAC,2025-09-01,AA,3.90,7.90,7.90,,,
APD,2025-09-01,A,4.10,0.05,0.05,,,
ALK,2025-09-01,AAA,4.80,4.80,4.80,,,
AFG,2025-09-01,BB,4.90,4.90,0.08,,,4.90
TVTX,2025-09-01,B,1.90,6.40,6.40,,,
AMP,2025-09-01,A,0.10,0.10,0.10,,,
AMKR,2025-09-01,BB,0.04,9.20,9.20,,,
ADI,2025-09-01,AAA,6.40,9.70,9.70,,,
ATR,2025-09-01,AA,6.20,8.20,8.20,,,
AGO,2025-09-01,BBB,5.40,5.40,0.10,,,5.40
ATO,2025-09-01,A,6.80,0.10,0.10,,,
BOKF,2025-09-01,BB,0.01,0.01,8.30,,,
BANF,2025-09-01,BB,0.00,0.00,0.08,,,
BKH,2025-09-01,A,5.70,4.90,4.90,,,
BOOT,2025-09-01,AA,4.30,9.40,9.40,,,
CMCSA,2025-09-01,BB,0.10,0.10,0.10,,,
CVS,2025-09-01,BBB,0.10,0.10,0.10,,,
CRL,2025-09-01,A,0.10,0.10,0.10,,,
PNR,2025-09-01,B,0.60,1.70,1.70,,,
C,2025-09-01,A,8.60,8.60,0.10,,,
CSGP,2025-09-01,A,9.60,9.60,9.60,,,
CTSH,2025-09-01,BBB,6.20,0.10,0.10,,,
CMCSA,2025-09-01,BBB,0.10,0.10,0.10,,,
COP,2025-09-01,A,3.90,3.70,3.20,,,
CORT,2025-09-01,B,1.80,6.40,6.40,,,
MRK,2025-09-01,A,5.20,0.10,0.10,,,
DLR,2025-09-01,AAA,8.10,0.10,0.10,,,
EW,2025-09-01,AAA,0.10,0.10,0.10,,,
EIG,2025-09-01,BB,0.04,0.04,7.30,,,0.04
EQIX,2025-09-01,AAA,6.80,7.90,7.90,,,
EEFT,2025-09-01,B,6.70,6.70,6.70,,,
EXPO,2025-09-01,BBB,6.80,6.80,6.80,,,
XPO,2025-09-01,AA,6.70,6.70,6.70,,,
EXR,2025-09-01,BB,4.50,9.60,9.60,,,
FCN,2025-09-01,AA,0.10,0.10,0.10,,,
FHI,2025-09-01,BB,0.10,0.10,0.10,,,
FULT,2025-09-01,BBB,1.50,1.50,8.30,,,
IT,2025-09-01,AAA,0.10,0.10,0.10,,,
GNTX,2025-09-01,BB,0.04,0.10,0.10,,,
ROCK,2025-09-01,A,5.30,8.10,8.10,,,
GILD,2025-09-01,AAA,5.90,0.10,0.10,,,
HEI,2025-09-01,BB,2.30,6.10,6.10,,,
HOG,2025-09-01,AAA,0.07,0.10,0.10,,0.10,
HSII,2025-09-01,A,0.09,0.09,0.09,,,
HXL,2025-09-01,A,4.80,7.40,7.40,,,
HIW,2025-09-01,BBB,6.80,8.90,8.90,,,
HMN,2025-09-01,BBB,1.90,1.90,9.70,,,1.90
IMKTA,2025-09-01,CCC,0.02,0.60,0.07,,0.60,
NSIT,2025-09-01,AA,2.90,0.10,0.10,,,
IART,2025-09-01,AA,0.09,0.09,0.09,,,
JBL,2025-09-01,A,5.10,0.10,0.10,,,
JBLU,2025-09-01,A,2.20,2.20,2.20,,,
JCI,2025-09-01,AA,6.40,0.10,0.10,,,
KALU,2025-09-01,A,2.60,3.50,3.50,,,
KW,2025-09-01,A,6.50,0.09,0.09,,,
MDLZ,2025-09-01,A,3.60,6.70,9.70,,6.70,
KR,2025-09-01,A,0.05,3.80,0.10,,3.80,
LRCX,2025-09-01,AAA,0.03,0.10,0.10,,,
LNC,2025-09-01,BBB,6.70,6.70,9.30,,,6.70
LNN,2025-09-01,AA,3.40,0.08,0.08,,,
MHO,2025-09-01,BBB,3.70,6.10,6.10,,,
MDU,2025-09-01,AAA,6.30,8.50,8.50,,,
MAN,2025-09-01,BBB,9.70,9.70,9.70,,,
MPW,2025-09-01,BBB,5.60,6.70,6.70,,,
MOH,2025-09-01,A,8.70,8.70,8.70,,,
MWA,2025-09-01,AAA,5.40,0.10,0.10,,,
NHI,2025-09-01,CCC,2.50,5.90,5.90,,,
NEU,2025-09-01,BBB,1.80,6.90,6.90,,,
NYT,2025-09-01,A,8.10,7.80,7.80,,,
NEM,2025-09-01,A,4.30,7.20,7.20,,,
NWBI,2025-09-01,BBB,2.80,2.80,6.70,,,
ORI,2025-09-01,BBB,5.50,5.50,0.07,,,5.50
PDFS,2025-09-01,A,5.30,8.30,8.30,,,
TXNM,2025-09-01,A,0.06,6.20,6.20,,,
PAR,2025-09-01,A,4.90,7.70,7.70,,,
TPC,2025-09-01,BBB,4.20,5.90,5.90,,,
VAC,2025-09-01,AA,6.50,8.20,8.20,,,
RL,2025-09-01,A,8.20,0.10,0.10,,0.10,
AVNT,2025-09-01,A,5.40,7.70,7.70,,,
PCH,2025-09-01,AA,6.70,6.20,6.20,,,
PG,2025-09-01,AA,5.70,0.10,0.10,,0.10,
PRU,2025-09-01,AAA,6.70,6.70,0.10,,,6.70
PPC,2025-09-01,BBB,5.70,8.40,8.40,,,
PSA,2025-09-01,BBB,5.20,9.60,9.60,,,
PWR,2025-09-01,A,4.20,0.10,0.10,,,
RBCAA,2025-09-01,BB,1.10,1.10,6.70,,,
RSG,2025-09-01,AA,4.10,6.40,6.40,,,
DOW,2025-09-01,AA,4.70,5.90,5.90,,,
LOW,2025-09-01,AA,6.30,9.30,0.10,,9.30,
ROST,2025-09-01,BBB,0.03,5.20,0.10,,5.20,
SRE,2025-09-01,CCC,2.70,6.80,6.80,,,
SW,2025-09-01,A,4.90,0.10,0.10,,,
SAH,2025-09-01,BBB,3.10,2.20,7.70,,2.20,
TXN,2025-09-01,AAA,6.60,9.40,9.40,,,
TXT,2025-09-01,A,2.90,0.10,0.10,,,
TSN,2025-09-01,BBB,2.70,0.60,8.40,,0.60,
UMBF,2025-09-01,BBB,1.10,1.10,8.30,,,
USB,2025-09-01,AA,0.06,0.06,0.10,,,
VECO,2025-09-01,AA,2.80,0.10,0.10,,,
VZ,2025-09-01,A,0.10,0.10,0.10,,,
VICR,2025-09-01,B,5.10,5.80,5.80,,,
MTG,2025-09-01,A,3.80,8.70,8.70,,,
GHC,2025-09-01,BB,6.10,6.10,6.10,,,
WST,2025-09-01,AA,0.10,0.10,0.10,,,
WABC,2025-09-01,BB,0.60,0.60,6.70,,,
WYNN,2025-09-01,BB,4.80,7.90,7.90,,,
BGC,2025-09-01,B,6.70,6.70,6.70,,,
VMC,2025-09-01,A,5.50,7.70,7.70,,,
DUK,2025-09-01,A,5.10,6.60,6.60,,,
ENOV,2025-09-01,A,8.60,8.60,8.60,,,
OKE,2025-09-01,A,4.30,4.90,4.90,,,
LIF,2025-09-01,A,3.40,4.60,4.60,,,
OGE,2025-09-01,BBB,5.10,4.30,4.30,,,
PAA,2025-09-01,BBB,3.20,3.80,3.80,,,
PEG,2025-09-01,A,7.10,8.40,8.40,,,
D,2025-09-01,A,0.06,5.60,5.60,,,
WEC,2025-09-01,A,5.90,0.06,0.06,,,
FE,2025-09-01,BBB,4.80,3.20,3.20,,,
KMI,2025-09-01,AAA,6.40,0.05,0.05,,,
PK,2025-09-01,BBB,6.40,7.30,7.30,,,
FE,2025-09-01,A,5.90,6.90,6.90,,,
ETR,2025-09-01,BBB,6.40,6.40,6.40,,,
BA,2025-09-01,BB,3.60,0.10,0.10,,,
CAT,2025-09-01,AA,4.90,0.10,0.10,,,
TMUS,2025-09-01,BB,0.10,0.10,0.10,,,
NOC,2025-09-01,A,2.20,0.10,0.10,,,
SJM,2025-09-01,AA,3.70,4.40,9.40,,4.40,
AMP,2025-09-01,AA,9.50,9.50,0.10,,9.50,
BIIB,2025-09-01,AA,5.90,0.10,0.10,,,
T,2025-09-01,BBB,0.10,0.10,0.10,,,
CMC,2025-09-01,AA,4.20,6.70,6.70,,,
CNO,2025-09-01,AA,5.30,5.30,0.10,,,5.30
MS,2025-09-01,AA,0.10,0.10,0.10,,,
DHR,2025-09-01,AA,0.10,0.10,0.10,,,
LKFN,2025-09-01,BB,0.00,0.00,6.70,,,
RTX,2025-09-01,BBB,4.30,0.10,0.10,,,
J,2025-09-01,AAA,0.10,0.10,0.10,,,
BFC,2025-09-01,BB,0.80,0.80,8.30,,,
MAA,2025-09-01,BB,4.90,4.70,4.70,,,
UDR,2025-09-01,B,5.60,8.90,8.90,,,
CNXN,2025-09-01,BB,3.60,6.40,6.40,,,
PNR,2025-09-01,AAA,5.10,0.10,0.10,,,
SIRI,2025-09-01,A,3.50,9.50,9.50,,,
MTX,2025-09-01,A,0.02,0.10,0.10,,,
CRI,2025-09-01,AA,6.30,9.10,0.10,,9.10,
NPKI,2025-09-01,BB,5.20,3.70,3.70,,,
CATY,2025-09-01,BB,1.50,1.50,8.30,,,
IBM,2025-09-01,AA,8.10,0.10,0.10,,,
HUBG,2025-09-01,BBB,7.50,7.50,7.50,,,
IBOC,2025-09-01,BB,0.00,0.00,6.70,,,
GE,2025-09-01,BBB,2.60,0.10,0.10,,,
ARI,2025-09-01,BBB,2.30,3.80,3.80,,,
CNA,2025-09-01,B,4.90,4.90,0.07,,,4.90
CPT,2025-09-01,BB,0.06,9.60,9.60,,,
KW,2025-09-01,A,6.50,0.09,0.09,,,
COR,2025-09-01,AA,8.50,0.10,0.10,,,
HTH,2025-09-01,BB,1.30,1.30,8.70,,,
KFY,2025-09-01,A,0.10,0.10,0.10,,,
KMX,2025-09-01,AA,2.40,2.10,0.10,,2.10,
PEG,2025-09-01,AA,7.40,0.10,0.10,,,
NDSN,2025-09-01,BBB,3.40,0.10,0.10,,,
OTTR,2025-09-01,BBB,5.60,7.30,7.30,,,
MIDD,2025-09-01,BBB,4.20,8.50,8.50,,,
UHAL,2025-09-01,BB,6.10,6.10,6.10,,,
SAM,2025-09-01,BB,3.10,2.90,6.90,,2.90,
WEN,2025-09-01,AA,6.20,0.10,0.10,,,
ARE,2025-09-01,AA,4.20,0.10,0.10,,,
YOU,2025-09-01,AA,9.60,9.60,9.60,,,
WMT,2025-09-01,BBB,0.08,8.20,0.10,,8.20,
MRK,2025-09-01,A,5.20,0.10,0.10,,,
EIX,2025-09-01,A,0.06,9.90,9.90,,,
FICO,2025-09-01,AA,4.90,0.07,0.07,,,
CHH,2025-09-01,AA,3.70,5.20,5.20,,,
AEP,2025-09-01,AA,6.80,7.50,7.50,,,
AME,2025-09-01,BBB,5.10,0.10,0.10,,,
BBY,2025-09-01,AA,3.40,0.10,0.10,,,
HWC,2025-09-01,BBB,0.70,0.70,9.30,,,
CF,2025-09-01,BBB,2.50,3.40,3.40,,,
JBHT,2025-09-01,AA,7.70,7.70,7.70,,,
LECO,2025-09-01,A,4.10,0.10,0.10,,,
ASTE,2025-09-01,AA,2.90,8.50,8.50,,,
CTRA,2025-09-01,BBB,4.60,9.20,9.20,,,
COO,2025-09-01,AAA,0.09,0.09,0.09,,,
KHC,2025-09-01,AA,4.40,5.70,9.30,,5.70,
LMT,2025-09-01,A,3.40,0.10,0.10,,,
LTC,2025-09-01,B,2.90,5.60,5.60,,,
PGR,2025-09-01,A,3.70,3.70,0.10,,,3.70
VMC,2025-09-01,A,5.50,7.70,7.70,,,
STLD,2025-09-01,AA,5.20,8.60,8.60,,,
SYBT,2025-09-01,BB,0.40,0.40,0.08,,,
UTHR,2025-09-01,BBB,2.30,0.08,0.08,,,
REX,2025-09-01,B,0.03,2.50,2.50,,,
TRS,2025-09-01,BB,5.30,7.80,7.80,,,
UTI,2025-09-01,A,0.07,0.07,0.07,,,
WAT,2025-09-01,AAA,0.10,0.10,0.10,,,
BWA,2025-09-01,AA,0.06,0.10,0.10,,,
CSR,2025-09-01,BB,1.70,0.00,9.30,,0.00,
SPR,2025-09-01,BBB,0.02,0.10,0.10,,,
GD,2025-09-01,BBB,3.10,0.10,0.10,,,
AN,2025-09-01,AA,2.20,1.30,7.40,,1.30,
CINF,2025-09-01,BBB,3.30,3.30,8.70,,,3.30
AGX,2025-09-01,BBB,3.90,7.20,7.20,,,
EXPE,2025-09-01,BB,0.10,0.10,0.10,,,
FCNCA,2025-09-01,BB,0.60,0.60,6.70,,,
IESC,2025-09-01,BBB,3.50,6.20,6.20,,,
BOH,2025-09-01,BBB,3.10,3.10,0.07,,,
ARWR,2025-09-01,BBB,6.10,0.07,0.07,,,
SRPT,2025-09-01,BBB,2.60,8.40,8.40,,,
HCC,2025-09-01,B,3.70,6.70,6.70,,,
CHD,2025-09-01,AA,6.30,0.10,0.10,,0.10,
PRU,2025-09-01,A,2.70,6.20,6.20,,,
PEB,2025-09-01,A,1.80,6.90,6.90,,,
EXC,2025-09-01,AA,7.30,9.20,9.20,,,
PFG,2025-09-01,AA,6.70,6.70,0.10,,,6.70
TRMK,2025-09-01,BBB,0.80,0.80,0.07,,,
QXO,2025-09-01,BBB,4.40,6.70,6.70,,,
SPB,2025-09-01,A,2.70,1.50,6.20,,1.50,
THG,2025-09-01,BBB,2.90,2.90,8.70,,,2.90
ABG,2025-09-01,AA,7.30,7.30,0.10,,,
AGCO,2025-09-01,A,4.40,0.10,0.10,,,
ADM,2025-09-01,AAA,7.90,7.90,0.10,,,7.90
ADP,2025-09-01,A,9.40,0.09,0.09,,,
ALGN,2025-09-01,A,6.90,6.90,6.90,,,
ALV,2025-09-01,AA,0.10,0.10,0.10,,,0.10
ASB,2025-09-01,BBB,1.80,1.80,9.30,,,
AUB,2025-09-01,B,5.20,0.10,0.10,,,
ADSK,2025-09-01,AAA,6.90,0.10,0.10,,,
CLDX,2025-09-01,A,6.60,6.70,6.70,,,
BJ,2025-09-01,AA,5.50,6.70,8.10,,6.70,
BKR,2025-09-01,AA,8.70,0.10,0.10,,,
BK,2025-09-01,AA,0.10,0.10,0.10,,,
BDC,2025-09-01,AA,0.03,0.10,0.10,,,
BIO,2025-09-01,BBB,0.10,0.10,0.10,,,
BLFS,2025-09-01,A,6.40,6.40,6.40,,,
BMRN,2025-09-01,BBB,0.06,7.50,7.50,,,
BLKB,2025-09-01,AA,5.70,9.70,9.70,,,
DCOM,2025-09-01,BB,0.00,0.00,0.08,,,
CHRW,2025-09-01,AAA,0.10,0.10,0.10,,,
MODG,2025-09-01,AA,7.40,7.30,7.30,,,
CSL,2025-09-01,A,4.60,5.50,5.50,,,
CCL,2025-09-01,BB,3.40,5.90,5.90,,,
CHTR,2025-09-01,BBB,0.10,0.10,0.10,,,
CAKE,2025-09-01,BBB,2.20,0.10,0.10,,,
CTRA,2025-09-01,BBB,3.80,4.50,4.50,,,
CFG,2025-09-01,A,5.10,5.10,0.10,,,
CLF,2025-09-01,BBB,2.60,3.60,3.60,,,
CBU,2025-09-01,BBB,3.50,3.50,6.70,,,
CFR,2025-09-01,AA,0.08,9.80,0.10,,9.80,
ED,2025-09-01,A,6.50,8.10,8.10,,,
STZ,2025-09-01,A,5.10,7.30,9.70,,7.30,
CPRT,2025-09-01,A,0.07,0.07,0.07,,,
CRVL,2025-09-01,AA,6.60,6.60,6.60,,,
CWK,2025-09-01,AAA,4.20,5.10,7.90,,5.10,
DVN,2025-09-01,A,2.60,2.50,2.50,,,
LCII,2025-09-01,AA,3.10,8.20,8.20,,,
EME,2025-09-01,AA,4.10,0.10,0.10,,,
EXP,2025-09-01,BBB,1.70,2.30,2.30,,,
EWBC,2025-09-01,BBB,0.80,0.80,8.30,,,
ENS,2025-09-01,BBB,3.10,0.10,0.10,,,
EQT,2025-09-01,AA,4.30,4.10,4.10,,,
EG,2025-09-01,A,5.10,5.10,0.10,,,5.10
EXEL,2025-09-01,BB,2.20,0.08,0.08,,,
EXPD,2025-09-01,AAA,9.90,9.90,9.90,,,
FSS,2025-09-01,A,3.50,0.10,0.10,,,
FDX,2025-09-01,A,7.70,7.70,7.70,,,
FIS,2025-09-01,A,0.10,0.10,0.10,,,
FFBC,2025-09-01,BBB,0.00,0.00,7.70,,,
FR,2025-09-01,BBB,0.05,5.70,5.70,,,
BANC,2025-09-01,BBB,2.30,2.30,0.07,,,
FDP,2025-09-01,A,3.40,9.40,9.40,,,
GIII,2025-09-01,BB,3.40,5.10,6.60,,5.10,
TGNA,2025-09-01,AA,0.09,0.09,0.09,,,
GS,2025-09-01,AA,8.90,8.90,0.10,,,
GPI,2025-09-01,AA,3.60,3.70,8.40,,3.70,
WELL,2025-09-01,AA,6.10,9.60,9.60,,,
EHC,2025-09-01,AA,5.10,5.10,5.10,,,
ASH,2025-09-01,BBB,4.40,6.70,6.70,,,
HSY,2025-09-01,A,4.40,0.07,9.40,,0.07,
HCI,2025-09-01,BBB,2.90,7.40,7.40,,,
HBAN,2025-09-01,A,3.20,3.20,0.10,,,
IPG,2025-09-01,AA,0.10,0.10,0.10,,,
INTU,2025-09-01,AAA,5.70,0.10,0.10,,,
JJSF,2025-09-01,B,1.60,0.70,6.70,,0.70,
JNJ,2025-09-01,BBB,0.05,0.10,0.10,,,
KBH,2025-09-01,AA,5.90,0.10,0.10,,,
KLAC,2025-09-01,A,3.50,0.10,0.10,,,
K,2025-09-01,AA,4.60,8.10,0.10,,8.10,
KEX,2025-09-01,B,3.20,0.05,0.05,,,
AD,2025-09-01,AA,5.40,5.50,0.10,,5.50,
LEA,2025-09-01,AA,3.60,0.10,0.10,,,
LEN,2025-09-01,BBB,0.04,6.90,6.90,,,
LGND,2025-09-01,BB,1.90,6.40,6.40,,,
BBWI,2025-09-01,AAA,5.10,0.09,0.10,,0.09,
MET,2025-09-01,AA,4.40,4.40,0.10,,,4.40
TMUS,2025-09-01,BB,0.10,0.10,0.10,,,
MTD,2025-09-01,AAA,0.10,0.10,0.10,,,
TAP,2025-09-01,AAA,7.10,9.40,0.10,,9.40,
MORN,2025-09-01,BBB,0.10,0.10,0.10,,,
VTRS,2025-09-01,BBB,3.90,0.10,0.10,,,
NTCT,2025-09-01,BBB,6.20,9.30,9.30,,,
NFLX,2025-09-01,BB,0.10,0.10,0.10,,,
NXT,2025-09-01,AA,0.08,0.09,0.10,,0.09,
NSC,2025-09-01,BBB,5.70,5.70,5.70,,,
ORLY,2025-09-01,A,4.60,7.10,0.10,,7.10,
ON,2025-09-01,A,5.20,8.80,8.80,,,
OII,2025-09-01,BBB,6.70,6.60,6.60,,,
CVCO,2025-09-01,BBB,4.20,7.70,7.70,,,
BTU,2025-09-01,BBB,2.10,2.30,2.30,,,
PEBO,2025-09-01,BBB,0.60,0.60,8.30,,,
TEL,2025-09-01,BBB,9.70,9.70,9.70,,,
PVH,2025-09-01,AA,6.60,9.40,0.10,,9.40,
PDM,2025-09-01,A,7.20,8.70,8.70,,,
LIN,2025-09-01,A,4.80,5.30,5.30,,,
PLD,2025-09-01,AA,6.30,9.30,9.30,,,
DUK,2025-09-01,AA,6.30,7.50,4.60,,,
EYPT,2025-09-01,A,2.60,6.40,6.40,,,
RES,2025-09-01,BB,5.60,5.40,5.40,,,
RGEN,2025-09-01,AA,9.30,9.30,9.30,,,
ROK,2025-09-01,AA,6.10,0.10,0.10,,,
ROL,2025-09-01,BBB,4.70,4.70,4.70,,,
R,2025-09-01,AAA,9.30,9.30,9.30,,,
SLG,2025-09-01,BBB,7.10,9.20,9.20,,,
LDOS,2025-09-01,AA,6.60,0.10,0.10,,,
SCSC,2025-09-01,A,3.80,8.70,8.70,,,
SMTC,2025-09-01,BB,4.40,9.50,9.50,,,
SKT,2025-09-01,A,7.70,7.70,7.70,,,
LUV,2025-09-01,B,3.90,3.90,3.90,,,
SNV,2025-09-01,A,3.10,3.10,9.30,,,
TTMI,2025-09-01,BBB,2.20,5.90,5.90,,,
TDC,2025-09-01,AA,5.90,0.10,0.10,,,
TEX,2025-09-01,AA,3.80,0.10,0.10,,,
TTEK,2025-09-01,BBB,0.10,0.10,0.10,,,
TR,2025-09-01,CCC,0.10,0.60,4.90,,0.60,
GL,2025-09-01,BBB,0.06,0.06,9.30,,,0.06
TRU,2025-09-01,A,0.04,5.10,9.10,,5.10,
UAL,2025-09-01,BBB,4.90,4.90,4.90,,,
UCB,2025-09-01,AA,5.40,0.10,0.10,,,
UNF,2025-09-01,CCC,1.80,8.10,8.10,,,
AUB,2025-09-01,BBB,0.00,0.00,0.07,,,
UCB,2025-09-01,BBB,0.50,0.50,8.30,,,
URI,2025-09-01,AA,3.50,0.10,0.10,,,
UNM,2025-09-01,A,6.90,6.90,0.10,,,6.90
MTN,2025-09-01,BBB,5.60,9.90,9.90,,,
VMI,2025-09-01,AA,4.20,0.10,0.10,,,
VRSN,2025-09-01,AA,0.08,0.08,0.08,,,
WLFC,2025-09-01,CCC,2.60,6.70,6.70,,,
WT,2025-09-01,BBB,0.08,0.08,0.08,,,
WOR,2025-09-01,A,3.10,0.10,0.10,,,
IRDM,2025-09-01,AA,8.90,8.90,8.90,,,
AES,2025-09-01,AA,6.80,7.10,7.10,,,
KMI,2025-09-01,AAA,6.40,0.05,0.05,,,
AEP,2025-09-01,BBB,5.20,3.40,3.40,,,
ENB,2025-09-01,AA,5.50,6.90,6.90,,,
TRGP,2025-09-01,AA,4.70,2.10,2.10,,,
EVRG,2025-09-01,A,5.90,5.90,5.90,,,
EXC,2025-09-01,AA,7.20,6.90,6.90,,,
ARMK,2025-09-01,A,0.05,9.70,9.70,,,
ENB,2025-09-01,AA,4.40,5.30,5.30,,,
BK,2025-09-01,AA,0.10,0.10,0.10,,,
PLD,2025-09-01,AA,6.30,9.30,9.30,,,
ATUS,2025-09-01,BB,0.07,0.07,0.07,,,
USB,2025-09-01,AA,0.06,0.06,0.10,,,
GE,2025-09-01,BBB,2.60,0.10,0.10,,,
L,2025-09-01,BB,5.40,5.40,0.08,,,5.40
FYBR,2025-09-01,BBB,8.50,8.50,8.50,,,
SRE,2025-09-01,A,7.10,5.20,5.20,,,
BK,2025-09-01,AA,0.10,0.10,0.10,,,
BG,2025-09-01,AAA,5.40,9.50,9.50,,,
SEM,2025-09-01,A,5.30,5.30,5.30,,,
HOUS,2025-09-01,AA,3.20,7.70,7.70,,,
LUMN,2025-09-01,AA,0.10,0.10,0.10,,,
ADI,2025-09-01,CCC,3.40,0.08,0.08,,,
TRGP,2025-09-01,AA,4.70,2.10,2.10,,,
VRTS,2025-09-01,BB,6.70,6.70,6.70,,,
VRSK,2025-09-01,AA,0.10,0.10,0.10,,,
COTY,2025-09-01,A,5.30,0.10,0.10,,0.10,
MAA,2025-09-01,BB,4.90,4.70,4.70,,,
H,2025-09-01,BB,4.50,8.20,8.20,,,
TWO,2025-09-01,B,0.08,0.08,0.08,,,
PEB,2025-09-01,A,0.06,9.60,9.60,,,
SSNC,2025-09-01,B,0.08,0.08,0.08,,,
HPP,2025-09-01,A,0.08,9.80,9.80,,,
HR,2025-09-01,B,4.20,8.90,8.90,,,
AAT,2025-09-01,BBB,7.40,0.09,0.09,,,
SFM,2025-09-01,AAA,5.50,4.60,0.10,,4.60,
MPLX,2025-09-01,A,5.70,0.05,0.05,,,
CLSK,2025-09-01,B,0.30,0.30,0.30,,,
PTEN,2025-09-01,BBB,4.60,3.90,3.90,,,
VAC,2025-09-01,A,3.70,5.70,5.70,,,
VBTX,2025-09-01,BBB,0.00,0.00,6.70,,,
CIVI,2025-09-01,A,3.40,3.80,3.80,,,
GWRE,2025-09-01,AA,4.90,0.10,0.10,,,
PRLB,2025-09-01,A,3.60,6.10,6.10,,,
TRU,2025-09-01,AA,0.10,0.10,0.10,,,
GOGO,2025-09-01,AAA,6.20,6.20,6.20,,,
QLYS,2025-09-01,BBB,8.70,8.70,8.70,,,
RHP,2025-09-01,A,5.50,7.30,7.30,,,
TIC,2025-09-01,BB,0.10,0.10,0.10,,,
IR,2025-09-01,AA,5.50,0.10,0.10,,,
MUSA,2025-09-01,AAA,6.60,6.60,6.60,,,
VLO,2025-09-01,A,4.90,6.60,6.60,,,
MMI,2025-09-01,A,5.20,6.70,6.70,,,
VCYT,2025-09-01,AA,6.90,6.90,6.90,,,
ORA,2025-09-01,AA,0.07,7.60,7.60,,,
LADR,2025-09-01,BB,8.70,8.70,8.70,,,
OGS,2025-09-01,AAA,8.90,8.90,8.90,,,
LOB,2025-09-01,BB,0.00,0.00,6.70,,,
ARES,2025-09-01,BBB,0.07,0.07,0.07,,,
LNTH,2025-09-01,BBB,2.30,7.60,7.60,,,
CCOI,2025-09-01,A,7.90,7.90,7.90,,,
QSR,2025-09-01,BBB,5.50,0.10,0.10,,,
NSA,2025-09-01,B,3.10,6.60,6.60,,,
USFD,2025-09-01,AAA,4.70,5.50,0.10,,5.50,
EVH,2025-09-01,BBB,0.08,0.08,0.08,,,
CABO,2025-09-01,AAA,0.08,0.08,0.08,,,
NTRA,2025-09-01,BB,1.80,0.09,0.09,,,
BLD,2025-09-01,AA,5.10,7.80,7.80,,,
LITE,2025-09-01,A,2.50,9.40,9.40,,,
NVCR,2025-09-01,A,7.70,7.70,7.70,,,
PSTG,2025-09-01,A,4.20,9.10,9.10,,,
WVE,2025-09-01,BBB,6.10,0.07,0.07,,,
LIVN,2025-09-01,A,0.10,0.10,0.10,,,
APLS,2025-09-01,B,2.20,6.70,6.70,,,
ARRY,2025-09-01,A,4.70,0.10,0.10,,,
PTGX,2025-09-01,BB,5.10,6.70,6.70,,,
ASH,2025-09-01,BBB,4.40,6.70,6.70,,,
DFIN,2025-09-01,A,0.09,0.09,0.09,,,
VVV,2025-09-01,AA,5.50,0.10,0.10,,,
GOLF,2025-09-01,BBB,5.50,7.10,7.10,,,
LW,2025-09-01,AA,3.80,3.80,9.80,,3.80,
OSCR,2025-09-01,B,5.30,5.30,0.08,,,5.30
SBAC,2025-09-01,AAA,8.50,8.50,8.50,,,
CTRE,2025-09-01,B,6.40,0.09,0.09,,,
OKTA,2025-09-01,AA,0.10,0.10,0.10,,,
ARIS,2025-09-01,BB,2.50,6.40,6.40,,,
CNM,2025-09-01,AA,4.70,8.10,8.10,,,
PHIN,2025-09-01,A,3.50,7.80,7.80,,,
DNLI,2025-09-01,BBB,0.06,6.70,6.70,,,
THG,2025-09-01,A,9.50,9.50,9.50,,,
GTES,2025-09-01,AA,4.10,9.20,9.20,,,
WHD,2025-09-01,BBB,5.60,5.90,5.90,,,
ZS,2025-09-01,AA,0.10,0.10,0.10,,,
WH,2025-09-01,A,5.50,7.90,7.90,,,
KKR,2025-09-01,BBB,0.07,0.07,0.07,,,
NIC,2025-09-01,BBB,2.30,3.30,3.30,,,
IIIV,2025-09-01,BB,6.70,6.70,6.70,,,
TLRY,2025-09-01,BBB,2.80,5.50,5.50,,,
CRNX,2025-09-01,A,5.10,6.70,6.70,,,
APP,2025-09-01,BB,0.07,0.07,0.07,,,
UPWK,2025-09-01,A,9.30,9.30,9.30,,,
GH,2025-09-01,AA,8.20,8.20,8.20,,,
RAMP,2025-09-01,A,7.20,7.20,7.20,,,
RLI,2025-09-01,BBB,0.04,0.04,0.09,,,0.04
PLMR,2025-09-01,A,4.30,4.30,8.70,,,4.30
LIF,2025-09-01,BB,9.70,9.70,9.70,,,
TMDX,2025-09-01,BB,6.70,6.70,6.70,,,
FSLY,2025-09-01,BBB,6.70,6.70,6.70,,,
ENB,2025-09-01,AA,5.50,6.90,7.80,,,
IMVT,2025-09-01,BB,0.06,6.70,6.70,,,
TMO,2025-09-01,BB,9.20,9.20,9.20,,,
NVST,2025-09-01,A,8.50,8.50,8.50,,,
BYD,2025-09-01,A,7.40,7.40,7.40,,,
CARR,2025-09-01,AA,5.90,0.10,0.10,,,
RSI,2025-09-01,B,4.90,4.90,4.90,,,
APG,2025-09-01,BBB,2.90,6.30,6.30,,,
IAC,2025-09-01,BB,8.50,8.50,8.50,,,
UTZ,2025-09-01,BB,1.70,2.40,6.60,,2.40,
PLTR,2025-09-01,BB,5.70,9.50,9.50,,,
U,2025-09-01,A,5.90,0.10,0.10,,,
CLOV,2025-09-01,BBB,6.70,6.70,6.70,,,
CWAN,2025-09-01,BBB,4.60,6.70,6.70,,,
COIN,2025-09-01,BB,6.70,6.70,6.70,,,
APA,2025-09-01,A,3.90,3.90,3.90,,,
OKLO,2025-09-01,BBB,3.70,3.70,3.70,,,
MRVL,2025-09-01,AA,3.80,8.90,8.90,,,
OGN,2025-09-01,A,4.70,0.10,0.10,,,
DV,2025-09-01,AA,7.30,7.30,7.30,,,
FIGS,2025-09-01,BBB,1.50,1.90,5.30,,1.90,
PAY,2025-09-01,B,6.70,6.70,6.70,,,
INTA,2025-09-01,AA,4.90,6.70,6.70,,,
S,2025-09-01,BBB,6.70,6.70,6.70,,,
DUOL,2025-09-01,BBB,6.70,6.70,6.70,,,
CDRE,2025-09-01,BB,2.60,6.20,6.20,,,
CCCS,2025-09-01,A,5.20,0.08,0.08,,,
SLVM,2025-09-01,BBB,3.90,6.40,6.40,,,
BROS,2025-09-01,B,1.40,5.40,5.40,,,
RELY,2025-09-01,BB,6.70,6.70,6.70,,,
AMPL,2025-09-01,BBB,4.20,6.70,6.70,,,
AVDX,2025-09-01,BBB,6.70,6.70,6.70,,,
RIVN,2025-09-01,AA,8.60,0.10,0.10,,0.10,
KD,2025-09-01,A,5.70,0.10,0.10,,,
LUCK,2025-09-01,BB,3.10,4.20,4.20,,,
CRDO,2025-09-01,A,3.10,5.70,5.70,,,
EE,2025-09-01,AA,7.50,7.50,7.50,,,
ACLX,2025-09-01,BB,6.60,6.70,6.70,,,
ESAB,2025-09-01,BB,2.90,8.60,8.60,,,
DKNG,2025-09-01,BBB,5.10,5.10,5.10,,,
IE,2025-09-01,BB,0.01,1.90,1.90,,,
BAM,2025-09-01,A,0.10,0.10,0.10,,,
KVUE,2025-09-01,AA,7.10,0.10,0.10,,0.10,
NXT,2025-09-01,A,5.60,8.50,8.50,,,
PHIN,2025-09-01,A,3.50,7.80,7.80,,,
BATRA,2025-09-01,BBB,5.50,5.50,5.50,,,
WAY,2025-09-01,BBB,6.70,6.70,6.70,,,
LBTYA,2025-09-01,B,0.10,0.10,0.10,,,
ALAB,2025-09-01,B,3.40,4.60,4.60,,,
LOAR,2025-09-01,B,2.30,5.80,5.80,,,
MTSR,2025-09-01,B,0.06,6.70,6.70,,,
SARO,2025-09-01,B,2.40,0.10,0.10,,,
AMTM,2025-09-01,CCC,7.30,7.30,7.30,,,
KNSA,2025-09-01,B,4.10,0.06,0.06,,,
TTD,2025-09-01,BB,6.20,6.20,6.20,,,
RBLX,2025-09-01,BB,6.70,6.70,6.70,,,
JPM,2025-09-01,A,7.60,7.60,0.10,,,
GE,2025-09-01,BBB,2.60,0.10,0.10,,,
LAZ,2025-09-01,AA,4.10,4.10,6.70,,,
NCLH,2025-09-01,A,0.06,5.70,5.70,,,
WYNN,2025-09-01,BB,4.80,7.90,7.90,,,
CMCSA,2025-09-01,BB,0.10,0.10,0.10,,,
WMG,2025-09-01,A,0.10,0.10,0.10,,,
DUK,2025-09-01,A,5.40,7.20,7.20,,,
CLBK,2025-09-01,BB,1.70,1.70,6.70,,,
CP,2025-09-01,A,5.20,5.20,5.10,,,
SBGI,2025-09-01,BB,0.08,0.08,0.08,,,
IVT,2025-09-01,BB,3.80,8.60,8.60,,,
CCB,2025-09-01,BB,0.02,0.02,0.07,,,
CDW,2025-09-01,A,3.30,9.70,9.70,,,
FE,2025-09-01,A,5.50,6.70,6.70,,,
RKT,2025-09-01,AA,6.60,0.10,0.10,,0.10,
PMT,2025-09-01,B,8.30,8.30,8.30,,,
NXPI,2025-09-01,AAA,6.80,9.80,9.80,,,
HI,2025-09-01,AA,0.04,8.50,8.50,,,
ATUS,2025-09-01,BB,0.07,0.07,0.07,,,
OBK,2025-09-01,BB,0.30,0.30,0.08,,,
CALX,2025-09-01,AA,2.80,8.90,8.90,,,
AGO,2025-09-01,BBB,5.40,5.40,0.10,,,5.40
SBRA,2025-09-01,BBB,3.70,5.30,5.30,,,
SSB,2025-09-01,BB,0.30,0.30,0.07,,,
REVG,2025-09-01,A,2.60,9.20,9.20,,,
KO,2025-09-01,AA,0.05,0.10,0.10,,0.10,
ORC,2025-09-01,CCC,6.70,6.70,6.70,,,
CHEF,2025-09-01,BBB,1.30,0.00,0.08,,0.00,
CUBI,2025-09-01,BB,0.00,0.00,8.30,,,
MTDR,2025-09-01,BB,1.80,0.10,0.10,,,
YELP,2025-09-01,AA,7.80,7.80,7.80,,,
PSX,2025-09-01,AA,5.40,5.90,4.90,,,
TGLS,2025-09-01,BB,3.20,4.70,4.70,,,
FIVE,2025-09-01,AA,1.50,1.50,0.07,,1.50,
LZ,2025-09-01,BB,6.70,6.70,6.70,,,
SUN,2025-09-01,A,3.20,4.10,4.10,,,
AMBA,2025-09-01,BB,3.80,4.50,4.50,,,
WDAY,2025-09-01,AAA,5.90,0.10,0.10,,,
STC,2025-09-01,A,0.08,0.08,0.08,,,
DKL,2025-09-01,BB,3.40,4.20,4.20,,,
RH,2025-09-01,BBB,2.20,2.40,6.80,,2.40,
PBF,2025-09-01,BBB,2.70,0.02,0.02,,,
CVI,2025-09-01,BB,1.80,1.90,1.90,,,
NCLH,2025-09-01,A,0.06,5.70,5.70,,,
BFAM,2025-09-01,AAA,5.80,5.80,5.80,,,
KHC,2025-09-01,AA,4.40,5.70,9.30,,5.70,
PRKS,2025-09-01,AA,4.50,5.80,5.80,,,
PINC,2025-09-01,AAA,0.10,0.10,0.10,,,
ESRT,2025-09-01,A,7.20,9.60,9.60,,,
SRE,2025-09-01,AA,6.70,8.10,8.10,,,
DELL,2025-09-01,A,5.40,0.10,0.10,,,
PAGP,2025-09-01,BBB,2.80,3.80,3.80,,,
RARE,2025-09-01,BB,4.60,7.50,7.50,,,
OKE,2025-09-01,AA,4.80,5.80,5.80,,,
FIVN,2025-09-01,AA,4.80,6.70,6.70,,,
MSA,2025-09-01,BBB,0.10,0.10,0.10,,,
HLI,2025-09-01,A,6.20,6.20,9.70,,,6.20
TRUP,2025-09-01,BB,3.70,3.70,8.70,,,3.70
VKTX,2025-09-01,BB,6.10,6.70,6.70,,,
SEDG,2025-09-01,A,6.30,0.10,0.10,,,
REG,2025-09-01,A,9.70,9.70,9.70,,,
PGRE,2025-09-01,BBB,7.60,9.70,9.70,,,
DAY,2025-09-01,AA,0.10,0.10,0.10,,,
CCI,2025-09-01,AAA,9.20,9.20,9.20,,,
THG,2025-09-01,BBB,3.30,5.70,8.70,,5.70,
UE,2025-09-01,BB,4.60,8.90,8.90,,,
ZG,2025-09-01,BB,0.10,0.10,0.10,,,
ETSY,2025-09-01,A,0.10,0.10,0.10,,,
COLL,2025-09-01,BBB,2.20,6.70,6.70,,,
WING,2025-09-01,BBB,1.70,7.40,7.40,,,
ENR,2025-09-01,A,2.50,0.10,0.10,,,
TLN,2025-09-01,CCC,1.30,2.60,2.60,,,
OLLI,2025-09-01,A,2.70,0.02,0.06,,0.02,
RPD,2025-09-01,BBB,0.10,0.10,0.10,,,
PLNT,2025-09-01,AA,4.50,5.90,5.90,,,
MSA,2025-09-01,B,7.40,7.90,7.90,,,
IBRX,2025-09-01,B,0.04,6.70,6.70,,,
SGRY,2025-09-01,BBB,5.20,5.20,5.20,,,
PJT,2025-09-01,BBB,8.70,8.70,8.70,,,
NGVT,2025-09-01,BBB,4.10,6.50,6.50,,,
FTV,2025-09-01,AA,0.05,0.10,0.10,,,
FRSH,2025-09-01,BBB,4.20,6.70,6.70,,,
ADNT,2025-09-01,BBB,2.70,0.10,0.10,,,
ELF,2025-09-01,BBB,3.90,9.50,0.10,,9.50,
IRTC,2025-09-01,BBB,8.70,8.70,8.70,,,
NEM,2025-09-01,AA,5.50,9.70,9.70,,,
TRMB,2025-09-01,AA,0.04,0.10,0.10,,,
BL,2025-09-01,AA,5.10,7.70,7.70,,,
HTO,2025-09-01,A,5.20,9.60,9.60,,,
VRRM,2025-09-01,BBB,8.40,8.40,8.40,,,
HG,2025-09-01,BBB,1.20,1.20,7.70,,,1.20
INVH,2025-09-01,BBB,3.40,6.30,6.30,,,
VERX,2025-09-01,BBB,4.80,0.08,0.08,,,
HLNE,2025-09-01,B,0.08,0.08,0.08,,,
KNTK,2025-09-01,A,0.05,5.70,5.70,,,
WTTR,2025-09-01,BB,5.40,4.80,4.80,,,
MGY,2025-09-01,B,0.70,0.00,0.00,,,
FE,2025-09-01,A,5.50,6.90,6.90,,,
FSUN,2025-09-01,BB,0.00,0.00,6.70,,,
JBGS,2025-09-01,A,6.60,9.50,9.50,,,
BKR,2025-09-01,AA,8.70,0.10,0.10,,,
ECVT,2025-09-01,BBB,4.40,6.60,6.60,,,
WHR,2025-09-01,BBB,6.20,8.70,8.70,,,
STEL,2025-09-01,BB,0.10,0.10,6.70,,,
AHCO,2025-09-01,A,0.07,0.07,0.07,,,
RCUS,2025-09-01,BB,6.10,6.70,6.70,,,
COGT,2025-09-01,BB,6.10,6.70,6.70,,,
EAT,2025-09-01,BB,0.03,0.10,0.10,,,
AVGO,2025-09-01,AA,5.20,0.10,0.10,,,
NVT,2025-09-01,A,3.60,0.10,0.10,,,
INSP,2025-09-01,A,6.70,6.70,6.70,,,
TENB,2025-09-01,AA,0.08,0.08,0.08,,,
CI,2025-09-01,AA,0.10,0.10,0.10,,,
REZI,2025-09-01,AAA,7.50,0.10,0.10,,,
TW,2025-09-01,BBB,0.09,0.09,0.09,,,
BSX,2025-09-01,BBB,0.10,0.10,0.10,,,
ZM,2025-09-01,A,5.70,0.09,0.09,,,
TOST,2025-09-01,BBB,9.70,9.70,9.70,,,
PSN,2025-09-01,A,0.10,0.10,0.10,,,
KTB,2025-09-01,AA,6.10,6.60,0.10,,6.60,
RVLV,2025-09-01,BB,3.20,2.90,6.20,,2.90,
GO,2025-09-01,A,1.70,2.30,6.70,,2.30,
TXG,2025-09-01,BBB,6.10,6.10,6.10,,,
AVPT,2025-09-01,BBB,0.05,0.08,0.08,,,
PGNY,2025-09-01,A,6.70,6.70,6.70,,,
HOOD,2025-09-01,BBB,9.30,9.30,9.30,,,
BILL,2025-09-01,A,5.50,0.08,0.08,,,
HESM,2025-09-01,AA,5.70,6.60,6.60,,,
UWMC,2025-09-01,B,3.50,3.50,0.07,,,
ARQT,2025-09-01,BBB,2.40,7.70,7.70,,,
REYN,2025-09-01,BB,4.40,0.01,4.80,,0.01,
NUVB,2025-09-01,BBB,5.60,6.70,6.70,,,
VTRS,2025-09-01,BBB,3.90,0.10,0.10,,,
NTST,2025-09-01,BBB,3.10,6.30,6.30,,,
CVS,2025-09-01,BBB,0.10,0.10,0.10,,,
IRON,2025-09-01,BB,6.60,6.70,6.70,,,
ACT,2025-09-01,BB,1.80,1.80,9.30,,,1.80
FROG,2025-09-01,A,4.80,0.08,0.08,,,
GDRX,2025-09-01,BB,6.70,6.70,6.70,,,
ASO,2025-09-01,AAA,2.50,2.50,8.50,,2.50,
TARS,2025-09-01,BB,1.90,6.40,6.40,,,
ACHR,2025-09-01,BBB,2.90,6.50,6.50,,,
PRG,2025-09-01,BBB,9.30,9.30,9.30,,,
ABBV,2025-09-01,AA,8.20,0.10,0.10,,,
CNXC,2025-09-01,A,0.10,0.10,0.10,,,
ENVX,2025-09-01,BBB,5.10,7.70,7.70,,,
TPG,2025-09-01,A,8.80,0.10,0.10,,,
OPEN,2025-09-01,BB,3.50,6.40,6.40,,,
DFH,2025-09-01,BB,3.20,6.30,6.30,,,
TPL,2025-09-01,A,4.50,0.03,0.03,,,
HIMS,2025-09-01,A,5.90,5.90,5.90,,,
SOC,2025-09-01,CCC,0.50,0.40,0.40,,,
PL,2025-09-01,BBB,0.09,0.09,0.09,,,
EWTX,2025-09-01,BBB,0.05,6.70,6.70,,,
FYBR,2025-09-01,BBB,8.50,8.50,8.50,,,
MQ,2025-09-01,BB,0.07,0.07,0.07,,,
CXM,2025-09-01,A,8.70,8.70,8.70,,,
DOCS,2025-09-01,BBB,7.30,7.30,7.30,,,
CFLT,2025-09-01,AA,5.60,0.09,0.09,,,
YOU,2025-09-01,BB,6.70,6.70,6.70,,,
JBI,2025-09-01,B,3.70,4.90,4.90,,,
MEHCQ,2025-09-01,BBB,7.70,7.70,7.70,,,
VSCO,2025-09-01,AA,6.40,0.10,8.50,,0.10,
GPOR,2025-09-01,BB,1.40,0.50,0.50,,,
JOBY,2025-09-01,BBB,3.30,8.10,8.10,,,
CWAN,2025-09-01,A,0.05,0.07,0.07,,,
FWRG,2025-09-01,B,2.40,5.40,5.40,,,
INFA,2025-09-01,A,5.30,8.30,8.30,,,
ARIS,2025-09-01,BBB,6.20,9.70,9.70,,,
IOT,2025-09-01,AA,6.80,0.10,0.10,,,
AMLX,2025-09-01,BBB,5.40,6.40,6.40,,,
SVV,2025-09-01,AA,2.30,2.30,0.08,,2.30,
APO,2025-09-01,BBB,0.10,0.10,0.10,,,
CEG,2025-09-01,BBB,4.90,0.10,0.10,,,
BRBR,2025-09-01,BB,1.60,3.60,7.50,,3.60,
SPXC,2025-09-01,A,4.20,0.10,0.10,,,
J,2025-09-01,AAA,0.10,0.10,0.10,,,
NE,2025-09-01,BB,4.20,5.60,5.60,,,
TEAM,2025-09-01,AA,5.40,0.10,0.10,,,
OABI,2025-09-01,B,5.50,5.50,5.50,,,
FTAI,2025-09-01,BBB,2.20,0.08,0.08,,,
GRND,2025-09-01,BBB,6.30,6.30,6.30,,,
ATMU,2025-09-01,BB,3.10,7.40,7.40,,,
CR,2025-09-01,A,4.70,0.10,0.10,,,
KGS,2025-09-01,BBB,5.80,0.07,0.07,,,
TKO,2025-09-01,BB,6.60,6.60,6.60,,,
LAC,2025-09-01,A,2.90,0.90,0.90,,,
NATL,2025-09-01,BB,6.70,6.70,6.70,,,
NNE,2025-09-01,BBB,3.90,6.30,6.30,,,
BOW,2025-09-01,B,0.04,0.04,6.70,,,0.04
HON,2025-09-01,AAA,5.60,0.10,0.10,,,
OS,2025-09-01,BBB,4.50,6.70,6.70,,,
SIRI,2025-09-01,A,0.08,0.08,0.08,,,
PRMB,2025-09-01,BBB,3.70,3.20,9.30,,3.20,
MRP,2025-09-01,CCC,2.10,4.30,4.30,,,
FNF,2025-09-01,BB,5.70,5.70,8.70,,,5.70
AFRM,2025-09-01,BB,8.70,8.70,8.70,,,
FE,2025-09-01,A,5.80,6.90,6.90,,,
XEL,2025-09-01,AA,6.90,5.70,5.70,,,
ES,2025-09-01,AA,7.30,0.10,0.10,,,
ET,2025-09-01,BB,3.10,3.40,3.40,,,
LEVI,2025-09-01,AA,6.90,0.09,0.10,,0.09,
STT,2025-09-01,AA,0.10,0.10,0.10,,,
NTRS,2025-09-01,A,0.10,0.10,0.10,,,
GS,2025-09-01,AA,8.90,8.90,0.10,,,
MET,2025-09-01,AA,4.40,4.40,0.10,,,4.40
DIS,2025-09-01,BBB,0.10,0.10,0.10,,,
NG,2025-09-01,AAA,8.30,7.50,7.50,,,
URI,2025-09-01,AA,3.50,0.10,0.10,,,
HUN,2025-09-01,BBB,4.60,7.10,7.10,,,
LAUR,2025-09-01,BBB,5.30,5.30,5.30,,,
EPD,2025-09-01,A,0.04,0.02,0.02,,,
FANG,2025-09-01,AA,3.60,4.20,4.20,,,
DOV,2025-09-01,AAA,8.30,8.30,8.30,,,
HAL,2025-09-01,CCC,3.30,9.70,9.70,,,
NG,2025-09-01,AAA,5.80,5.80,5.80,,,
MCY,2025-09-01,AA,8.80,0.10,0.10,,,
TPB,2025-09-01,BBB,0.00,7.60,7.60,,,
SWK,2025-09-01,A,0.05,0.10,0.10,,,
PM,2025-09-01,BBB,5.70,0.10,0.10,,,
HOG,2025-09-01,AAA,0.07,0.10,0.10,,0.10,
SNDR,2025-09-01,AAA,8.20,8.20,8.20,,,
MRC,2025-09-01,AA,3.10,0.09,0.09,,,
DAN,2025-09-01,BBB,4.20,0.10,0.10,,,
JBTM,2025-09-01,A,4.10,0.10,0.10,,,
SIG,2025-09-01,AA,3.40,3.40,8.90,,3.40,
GS,2025-09-01,AA,8.90,8.90,0.10,,,
LOPE,2025-09-01,BBB,5.90,5.90,5.90,,,
AMRX,2025-09-01,B,2.40,7.70,7.70,,,
SCL,2025-09-01,A,3.90,7.60,7.60,,,
CCS,2025-09-01,A,4.50,6.80,6.80,,,
USAC,2025-09-01,B,4.90,0.05,0.05,,,
GM,2025-09-01,BBB,5.60,4.70,0.10,,4.70,
ASO,2025-09-01,AAA,2.50,2.50,8.50,,2.50,
ADUS,2025-09-01,A,5.20,5.20,5.20,,,
ARI,2025-09-01,BBB,0.07,0.07,0.07,,,
MXL,2025-09-01,BBB,3.90,4.90,4.90,,,
LYB,2025-09-01,A,3.50,5.80,5.80,,,
CBOE,2025-09-01,AA,0.10,0.10,0.10,,,
CC,2025-09-01,CCC,1.80,0.60,0.60,,,
NBHC,2025-09-01,BB,0.40,0.40,6.70,,,
KNX,2025-09-01,A,7.90,7.90,7.90,,,
EXPI,2025-09-01,BBB,3.10,6.40,6.40,,,
PCRX,2025-09-01,BB,2.40,6.40,6.40,,,
ABT,2025-09-01,BBB,0.10,0.10,0.10,,,
DVN,2025-09-01,A,2.60,2.50,2.50,,,
ENPH,2025-09-01,AA,5.80,9.60,9.60,,,
XYL,2025-09-01,AAA,6.20,0.10,0.10,,,
BJ,2025-09-01,AA,5.50,6.70,8.10,,6.70,
ALKS,2025-09-01,AA,4.50,0.08,0.08,,,
ACHC,2025-09-01,AA,6.50,6.50,6.50,,,
JAZZ,2025-09-01,A,2.50,0.08,0.08,,,
CPRI,2025-09-01,AA,5.80,8.80,0.10,,8.80,
BC,2025-09-01,BBB,4.20,7.20,0.10,,7.20,
CIM,2025-09-01,AA,3.10,0.10,0.10,,,
BRX,2025-09-01,AA,6.10,9.60,9.60,,,
FANG,2025-09-01,AA,3.60,4.20,4.20,,,
RITM,2025-09-01,CCC,6.70,6.70,6.70,,,
FBK,2025-09-01,AA,5.70,5.70,0.10,,,
CDE,2025-09-01,A,2.50,6.90,6.90,,,
NWSA,2025-09-01,BBB,8.20,0.10,0.10,,,
SAIC,2025-09-01,BBB,0.10,0.10,0.10,,,
FOXF,2025-09-01,BBB,3.40,0.10,0.10,,,
ALLE,2025-09-01,AA,5.70,0.10,0.10,,,
AR,2025-09-01,A,4.10,4.60,4.60,,,
CNH,2025-09-01,AAA,5.90,0.10,0.10,,,
BV,2025-09-01,BB,3.80,3.80,3.80,,,
PECO,2025-09-01,A,4.20,6.60,6.60,,,
QURE,2025-09-01,BB,4.10,7.20,7.20,,,
BUSE,2025-09-01,BB,0.00,0.00,6.70,,,
PCTY,2025-09-01,A,8.20,8.20,7.70,,,
ATEN,2025-09-01,A,4.70,0.07,0.07,,,
APLE,2025-09-01,B,3.20,5.60,5.60,,,
XYZ,2025-09-01,BB,0.10,0.10,0.10,,,
PAYC,2025-09-01,AA,0.09,0.09,0.09,,,
ATKR,2025-09-01,A,2.80,9.30,9.30,,,
MC,2025-09-01,BB,0.08,0.08,0.08,,,
VRDN,2025-09-01,BBB,6.10,6.70,6.70,,,
VIRT,2025-09-01,BB,6.70,6.70,6.70,,,
FE,2025-09-01,A,5.50,6.70,6.70,,,
ZD,2025-09-01,AA,9.40,9.40,9.40,,,
PLYM,2025-09-01,BB,5.10,9.10,9.10,,,
VCTR,2025-09-01,BBB,0.07,0.07,0.07,,,
BOOT,2025-09-01,A,1.90,2.40,6.50,,2.40,
WK,2025-09-01,AAA,0.06,0.10,0.10,,,
CAT,2025-09-01,BBB,6.70,6.70,6.70,,,
CC,2025-09-01,A,3.90,8.20,8.20,,,
FTAI,2025-09-01,BBB,2.20,0.08,0.08,,,
GNL,2025-09-01,CCC,2.20,4.40,4.40,,,
TDOC,2025-09-01,A,6.60,6.60,6.60,,,
PFGC,2025-09-01,A,2.30,1.40,0.10,,1.40,
TPH,2025-09-01,A,5.40,6.80,6.80,,,
PEN,2025-09-01,BBB,7.60,7.60,7.60,,,
ACI,2025-09-01,BBB,4.30,4.30,0.10,,4.30,
GOOGL,2025-09-01,BBB,7.60,9.70,9.70,,,
NTNX,2025-09-01,AAA,6.30,9.70,9.70,,,
PR,2025-09-01,BBB,3.50,3.70,3.70,,,
ULCC,2025-09-01,A,1.20,1.20,1.20,,,
EQT,2025-09-01,AAA,0.10,0.10,0.10,,,
HCC,2025-09-01,BBB,2.30,0.04,0.04,,,
APA,2025-09-01,AAA,6.80,6.50,6.50,,,
WCN,2025-09-01,A,4.90,6.40,6.40,,,
ABNB,2025-09-01,BB,0.10,0.10,0.10,,,
PI,2025-09-01,BB,2.90,7.50,7.50,,,
AMR,2025-09-01,B,0.80,0.00,0.00,,,
SHC,2025-09-01,A,4.10,7.90,7.90,,,
HGV,2025-09-01,AA,2.40,4.20,4.20,,,
BHF,2025-09-01,BB,5.40,5.40,7.30,,,5.40
AVDL,2025-09-01,BBB,2.20,6.40,6.40,,,
DBRG,2025-09-01,BB,0.10,0.10,0.10,,,
ALIT,2025-09-01,BBB,0.10,0.10,0.10,,,
LBRT,2025-09-01,BB,5.40,5.80,5.80,,,
SMPL,2025-09-01,BBB,1.40,0.90,6.30,,0.90,
ACMR,2025-09-01,B,2.70,6.30,6.30,,,
VICI,2025-09-01,A,5.80,7.30,7.30,,,
CNR,2025-09-01,BBB,2.70,1.40,1.40,,,
CNNE,2025-09-01,BB,2.80,2.80,2.80,,,
DOCU,2025-09-01,AAA,5.80,0.10,0.10,,,
TALO,2025-09-01,A,4.30,4.70,4.70,,,
SRRK,2025-09-01,BB,6.10,6.70,6.70,,,
CRL,2025-09-01,AA,6.80,9.80,9.80,,,
SONO,2025-09-01,AA,0.10,0.10,0.10,,,
CAVA,2025-09-01,BB,1.30,5.40,5.40,,,
EAI,2025-09-01,BBB,6.40,6.40,8.60,,,
PINS,2025-09-01,BBB,0.10,0.10,0.10,,,
PD,2025-09-01,AA,5.40,0.10,0.10,,,
ADPT,2025-09-01,BBB,5.80,5.80,5.80,,,
PHR,2025-09-01,BBB,6.70,6.70,6.70,,,
NET,2025-09-01,BBB,0.09,0.09,0.09,,,
SITM,2025-09-01,B,3.40,4.70,4.70,,,
ACEL,2025-09-01,BBB,4.80,4.80,4.80,,,
OVV,2025-09-01,AAA,4.60,4.30,4.30,,,
ORIC,2025-09-01,BB,5.10,6.70,6.70,,,
FOUR,2025-09-01,B,6.70,6.70,6.70,,,
ADEA,2025-09-01,A,0.10,0.10,0.10,,,
LCID,2025-09-01,A,9.20,0.10,7.80,,0.10,
CZR,2025-09-01,AA,6.70,8.90,8.90,,,
STEP,2025-09-01,B,0.09,0.09,0.09,,,
EVEX,2025-09-01,B,5.30,8.10,8.10,,,
ROOT,2025-09-01,CCC,0.30,0.30,0.09,,,0.30
NVTS,2025-09-01,BB,3.80,8.80,8.80,,,
UPST,2025-09-01,BB,0.07,0.07,0.07,,,
SPRY,2025-09-01,CCC,1.80,6.70,6.70,,,
AI,2025-09-01,BBB,5.50,0.07,0.07,,,
SOUN,2025-09-01,BB,4.80,6.70,6.70,,,
HAYW,2025-09-01,A,5.50,7.90,7.90,,,
PRVA,2025-09-01,AAA,5.90,5.90,5.90,,,
IAS,2025-09-01,B,8.30,8.30,8.30,,,
SOFI,2025-09-01,B,7.30,7.30,7.30,,,
RYAN,2025-09-01,BBB,7.10,7.10,8.30,,,7.10
TBLA,2025-09-01,BBB,7.60,7.60,7.60,,,
PAYO,2025-09-01,BBB,7.30,7.30,7.30,,,
ALIT,2025-09-01,BBB,0.10,0.10,0.10,,,
NABL,2025-09-01,A,4.90,0.07,0.07,,,
STGW,2025-09-01,BBB,6.70,6.70,6.70,,,
GTLB,2025-09-01,AA,5.40,8.30,8.30,,,
ARIS,2025-09-01,BB,6.30,6.20,6.20,,,
BRZE,2025-09-01,A,5.20,7.70,7.70,,,
VNT,2025-09-01,A,3.50,0.10,0.10,,,
CRGY,2025-09-01,BBB,2.30,3.20,3.20,,,
RGTI,2025-09-01,B,2.80,4.20,4.20,,,
FRT,2025-09-01,AA,6.70,9.60,9.60,,,
SDRL,2025-09-01,B,3.70,2.20,2.20,,,
EMR,2025-09-01,AA,6.80,0.09,0.09,,,
BKV,2025-09-01,A,3.80,4.20,4.20,,,
COLD,2025-09-01,BB,5.30,0.09,0.09,,,
KKR,2025-09-01,BBB,0.07,0.07,0.07,,,
PGY,2025-09-01,BB,4.60,6.70,6.70,,,
GBTG,2025-09-01,AAA,0.10,0.10,0.10,,,
MBLY,2025-09-01,A,6.20,8.50,8.50,,,
RXO,2025-09-01,AA,6.80,6.80,6.80,,,
GEHC,2025-09-01,A,0.10,0.10,0.10,,,
AMR,2025-09-01,B,2.60,8.30,8.30,,,
FIBK,2025-09-01,BBB,0.00,0.00,0.08,,,
HHH,2025-09-01,AA,7.70,0.10,0.10,,,
KVYO,2025-09-01,A,4.80,6.70,6.70,,,
GRDN,2025-09-01,BBB,3.30,3.30,6.10,,3.30,
ULS,2025-09-01,A,0.10,0.10,0.10,,,
LAZ,2025-09-01,AA,4.10,4.10,9.70,,,
CTRI,2025-09-01,BBB,2.70,7.30,7.30,,,
LB,2025-09-01,CCC,4.20,2.90,2.90,,,
FUN,2025-09-01,BBB,3.40,4.60,4.60,,,
FERG,2025-09-01,AA,4.30,0.10,0.10,,,
APTV,2025-09-01,AA,5.70,0.10,0.10,,,
DJT,2025-09-01,BBB,6.20,6.20,6.20,,,
LION,2025-09-01,A,6.70,6.70,6.70,,,
SPHR,2025-09-01,BB,7.80,7.80,7.80,,,
MSGS,2025-09-01,B,7.90,7.90,7.90,,,
MSGE,2025-09-01,B,7.30,7.30,7.30,,,
MRC,2025-09-01,A,6.40,6.60,6.60,,,
FE,2025-09-01,A,5.70,5.50,5.50,,,
CZR,2025-09-01,AA,6.70,8.90,8.90,,,
AXP,2025-09-01,AA,0.10,0.10,0.10,,,
AROC,2025-09-01,A,0.07,7.20,7.20,,,
ZION,2025-09-01,A,1.10,1.10,8.70,,,
AD,2025-09-01,AA,5.40,5.50,0.10,,5.50,
VNO,2025-09-01,BB,7.10,9.10,9.10,,,
PEG,2025-09-01,AA,7.40,0.10,0.10,,,
T,2025-09-01,BBB,0.10,0.10,0.10,,,
SO,2025-09-01,A,5.60,5.90,5.90,,,
BURL,2025-09-01,AA,3.20,5.50,0.10,,5.50,
NG,2025-09-01,AAA,7.80,0.10,0.10,,,
BXP,2025-09-01,A,7.60,9.70,7.70,,,
AAL,2025-09-01,A,3.70,7.30,7.30,,,
SLB,2025-09-01,A,8.10,9.40,9.40,,,
CHTR,2025-09-01,BBB,0.10,0.10,0.10,,,
F,2025-09-01,BB,4.40,3.10,0.10,,3.10,
KRC,2025-09-01,BBB,7.10,0.09,0.09,,,
SCHW,2025-09-01,BBB,4.50,4.50,0.09,,,
MDT,2025-09-01,BBB,0.10,0.10,0.10,,,
FN,2025-09-01,A,2.30,9.20,9.20,,,
HP,2025-09-01,B,3.70,3.80,3.80,,,
TNET,2025-09-01,A,0.08,0.08,0.08,,,
VZ,2025-09-01,A,0.10,0.10,0.10,,,
FHB,2025-09-01,BBB,1.80,1.80,0.08,,,
HCI,2025-09-01,CCC,0.00,0.00,6.70,,,0.00
MYRG,2025-09-01,AAA,4.50,0.10,0.10,,,
CPAY,2025-09-01,BB,0.08,0.08,0.08,,,
RKT,2025-09-01,AA,6.60,0.10,0.10,,0.10,
MD,2025-09-01,AA,6.40,6.40,6.40,,,
NG,2025-09-01,AAA,7.80,0.10,0.10,,,
INSW,2025-09-01,B,2.50,2.30,2.30,,,
LILA,2025-09-01,A,0.10,0.10,0.10,,,
FE,2025-09-01,A,5.40,5.20,5.20,,,
STWD,2025-09-01,BBB,7.50,7.50,7.50,,,
BUR,2025-09-01,AA,0.07,0.07,0.07,,,
FTNT,2025-09-01,BBB,0.10,0.10,0.10,,,
PRI,2025-09-01,BBB,8.60,8.60,8.70,,,8.60
AMRC,2025-09-01,BBB,4.80,0.10,0.10,,,
FAF,2025-09-01,BBB,5.50,5.50,0.07,,,5.50
CSCO,2025-09-01,AA,0.06,0.10,0.10,,,
BG,2025-09-01,AAA,7.60,7.60,0.10,,,
TAP,2025-09-01,AAA,7.10,9.40,0.10,,9.40,
MBIN,2025-09-01,B,1.80,1.80,6.70,,,
HHH,2025-09-01,AA,7.70,0.10,0.10,,,
HCA,2025-09-01,A,7.50,7.50,7.50,,,
BAH,2025-09-01,BBB,0.10,0.10,0.10,,,
APAM,2025-09-01,AAA,5.80,0.07,0.07,,,
MPC,2025-09-01,A,4.40,4.50,4.50,,,
HII,2025-09-01,AA,2.30,8.90,8.90,,,
HOUS,2025-09-01,AA,3.20,7.70,7.70,,,
UAN,2025-09-01,CCC,0.60,1.30,1.30,,,
SGRY,2025-09-01,BBB,5.20,5.20,5.20,,,
HLI,2025-09-01,B,8.30,8.30,8.30,,,
MOS,2025-09-01,A,4.60,6.30,6.30,,,
COMM,2025-09-01,AA,2.90,0.10,0.10,,,
NMIH,2025-09-01,A,4.50,4.50,8.70,,,4.50
CQP,2025-09-01,A,4.10,1.90,1.90,,,
ZTS,2025-09-01,AAA,5.50,0.10,0.10,,,
AGIO,2025-09-01,BB,2.40,6.70,6.70,,,
TMUS,2025-09-01,BB,0.10,0.10,0.10,,,
LGIH,2025-09-01,BBB,2.40,5.80,5.80,,,
GLPI,2025-09-01,BB,4.90,5.60,5.60,,,
PRGO,2025-09-01,BBB,3.10,0.10,0.10,,,
LPG,2025-09-01,B,1.80,1.30,1.30,,,
MGNI,2025-09-01,BBB,0.08,0.08,0.08,,,
QTWO,2025-09-01,AA,5.50,0.09,0.09,,,
PAHC,2025-09-01,AA,3.40,7.70,7.70,,,
BOX,2025-09-01,AA,5.40,8.30,8.30,,,
SNDX,2025-09-01,BB,4.10,0.07,0.07,,,
LC,2025-09-01,BB,6.70,6.70,6.70,,,
CTRE,2025-09-01,BBB,3.40,5.90,5.90,,,
SLM,2025-09-01,AA,0.09,0.09,0.09,,,
WFRD,2025-09-01,A,7.70,9.30,9.30,,,
OCUL,2025-09-01,BBB,2.20,6.40,6.40,,,
TFIN,2025-09-01,BB,0.00,0.00,8.30,,,
W,2025-09-01,BBB,4.90,6.70,0.10,,6.70,
HUBS,2025-09-01,AA,0.10,0.10,0.10,,,
XENE,2025-09-01,A,6.10,6.70,6.70,,,
MCW,2025-09-01,A,5.40,5.40,5.40,,,
ROAD,2025-09-01,B,2.20,6.20,6.20,,,
GMED,2025-09-01,BBB,6.40,6.40,6.40,,,
NG,2025-09-01,AAA,7.80,0.10,0.10,,,
RUN,2025-09-01,A,7.50,0.10,0.10,,,
QRVO,2025-09-01,A,0.05,8.80,8.80,,,
SHAK,2025-09-01,BBB,1.80,0.07,0.07,,,
DEA,2025-09-01,A,6.30,6.30,6.30,,,
MEG,2025-09-01,BBB,0.10,0.10,0.10,,,
NXRT,2025-09-01,B,2.60,4.60,4.60,,,
COOP,2025-09-01,BBB,3.50,3.50,0.07,,,
GKOS,2025-09-01,AAA,8.60,8.60,8.60,,,
LTH,2025-09-01,A,5.20,8.80,8.80,,,
SYRE,2025-09-01,BB,0.06,6.70,6.70,,,
SITE,2025-09-01,AA,3.40,7.70,7.70,,,
LBTYA,2025-09-01,B,0.10,0.10,0.10,,,
ADT,2025-09-01,AAA,8.90,8.90,8.90,,,
NTLA,2025-09-01,BBB,6.10,0.08,0.08,,,
PLSE,2025-09-01,B,6.60,6.60,6.60,,,
ITT,2025-09-01,AA,4.50,0.10,0.10,,,
CWH,2025-09-01,A,3.70,4.90,6.10,,4.90,
CASH,2025-09-01,BBB,0.10,0.10,0.10,,,
DXC,2025-09-01,AA,6.20,0.10,0.10,,,
SEI,2025-09-01,BB,5.20,0.06,0.06,,,
AVTR,2025-09-01,AA,0.10,0.10,0.10,,,
CTOS,2025-09-01,BBB,2.60,8.20,8.20,,,
RYTM,2025-09-01,B,0.04,5.70,5.70,,,
ROKU,2025-09-01,BB,6.70,6.70,6.70,,,
MDB,2025-09-01,AA,4.50,5.50,5.50,,,
VICI,2025-09-01,A,5.80,7.30,7.30,,,
BTSG,2025-09-01,A,5.70,5.70,5.70,,,
EQT,2025-09-01,AA,6.70,6.70,6.70,,,
PTON,2025-09-01,BB,0.05,5.20,5.20,,,
DNTH,2025-09-01,BB,6.10,6.70,6.70,,,
BV,2025-09-01,BB,3.80,3.80,3.80,,,
EPRT,2025-09-01,BBB,3.70,6.30,6.30,,,
ESTA,2025-09-01,AA,0.09,0.09,0.09,,,
FTDR,2025-09-01,AAA,8.40,8.40,8.40,,,
FBRT,2025-09-01,BB,0.08,0.08,0.08,,,
NWN,2025-09-01,A,7.40,7.40,7.40,,,
PFSI,2025-09-01,A,4.30,4.30,0.08,,,
MTH,2025-09-01,AAA,3.30,3.80,0.10,,3.80,
MVST,2025-09-01,BB,4.60,0.07,0.07,,,
DOW,2025-09-01,AA,4.70,5.90,5.90,,,
HMN,2025-09-01,A,7.60,9.20,9.20,,,
CRWD,2025-09-01,BB,0.09,0.09,0.09,,,
STOK,2025-09-01,B,6.60,6.70,6.70,,,
BBIO,2025-09-01,BB,0.02,7.70,7.70,,,
REAL,2025-09-01,AAA,0.10,0.10,0.10,,,
SEZL,2025-09-01,B,6.70,6.70,6.70,,,
AAMI,2025-09-01,BB,0.07,0.07,0.07,,,
MIRM,2025-09-01,B,1.90,6.70,6.70,,,
ASTS,2025-09-01,BB,6.20,6.20,6.20,,,
BEAM,2025-09-01,BB,0.06,6.70,6.70,,,
ETNB,2025-09-01,A,6.10,6.70,6.70,,,
CMPR,2025-09-01,BBB,0.06,0.10,0.10,,,
ROOT,2025-09-01,CCC,0.30,0.30,0.09,,,0.30
SYK,2025-09-01,A,7.70,7.70,7.70,,,
PCOR,2025-09-01,AA,5.80,0.07,0.07,,,
MP,2025-09-01,BB,1.60,3.20,3.20,,,
AON,2025-09-01,A,7.80,7.80,0.10,,,7.80
PCVX,2025-09-01,BBB,5.90,6.70,6.70,,,
RNA,2025-09-01,BB,0.06,6.70,6.70,,,
EBC,2025-09-01,BBB,1.10,1.10,6.70,,,
RKT,2025-09-01,BBB,3.70,3.70,8.30,,,
HRMY,2025-09-01,BB,0.02,6.40,6.40,,,
KYMR,2025-09-01,BBB,6.10,6.70,6.70,,,
WGS,2025-09-01,BBB,5.90,5.90,5.90,,,
IMNM,2025-09-01,BBB,6.10,6.70,6.70,,,
HLMN,2025-09-01,A,3.40,5.80,5.80,,,
PRAX,2025-09-01,B,6.60,6.70,6.70,,,
LQDA,2025-09-01,BBB,1.90,6.40,6.40,,,
CERT,2025-09-01,A,0.09,0.09,0.09,,,
CORZ,2025-09-01,B,0.00,0.00,0.00,,,
RUM,2025-09-01,BB,6.20,6.20,6.20,,,
HGTY,2025-09-01,B,1.30,1.30,6.70,,,1.30
CRCT,2025-09-01,A,3.80,6.70,6.70,,,
DOCN,2025-09-01,BBB,4.70,4.40,4.40,,,
LUNR,2025-09-01,BB,3.40,6.40,6.40,,,
OUST,2025-09-01,BBB,2.70,6.50,6.50,,,
COMP,2025-09-01,BBB,5.30,6.40,6.40,,,
PAYX,2025-09-01,AA,8.70,8.70,8.70,,,
LFST,2025-09-01,BBB,5.90,5.90,5.90,,,
JANX,2025-09-01,BB,6.10,6.70,6.70,,,
STX,2025-09-01,AA,3.50,0.10,0.10,,,
YOU,2025-09-01,AAA,8.70,9.90,0.10,,9.90,
GXO,2025-09-01,AA,0.10,0.10,0.10,,,
XMTR,2025-09-01,B,2.20,0.07,0.07,,,
BLND,2025-09-01,BBB,4.90,6.70,6.70,,,
CTOS,2025-09-01,AA,0.10,0.10,0.10,,,
RKLB,2025-09-01,A,4.40,6.20,6.20,,,
RDW,2025-09-01,A,3.10,6.20,6.20,,,
ROIV,2025-09-01,BB,4.60,5.70,5.70,,,
UDMY,2025-09-01,BB,0.07,0.07,0.07,,,
AUR,2025-09-01,BBB,0.05,6.70,6.70,,,
CP,2025-09-01,A,5.20,5.20,5.20,,,
NCNO,2025-09-01,BBB,4.90,6.70,6.70,,,
FG,2025-09-01,CCC,5.30,5.30,0.07,,,5.30
GCT,2025-09-01,A,1.80,1.80,5.50,,1.80,
WELL,2025-09-01,AA,6.10,9.60,9.60,,,
ZBH,2025-09-01,AA,6.40,6.40,6.40,,,
GTM,2025-09-01,A,0.10,0.10,0.10,,,
SBGI,2025-09-01,BB,0.08,0.08,0.08,,,
BGC,2025-09-01,B,6.70,6.70,6.70,,,
CART,2025-09-01,BB,6.20,6.20,6.20,,,
WS,2025-09-01,BBB,2.90,2.80,2.80,,,
HUT,2025-09-01,BBB,0.03,0.03,0.03,,,
CGON,2025-09-01,BBB,6.60,6.70,6.70,,,
SOLV,2025-09-01,A,6.80,6.80,6.80,,,
PACS,2025-09-01,B,5.10,5.10,5.10,,,
RAPP,2025-09-01,BBB,0.05,6.70,6.70,,,
CON,2025-09-01,BBB,6.10,6.10,6.10,,,
SNDK,2025-09-01,B,3.80,6.40,6.40,,,
K,2025-09-01,A,2.90,0.09,0.09,,,
DAKT,2025-09-01,BBB,3.40,5.50,5.50,,,
UGI,2025-09-01,AAA,0.06,7.50,7.50,,,
ECL,2025-09-01,A,0.06,7.50,7.50,,,
LDOS,2025-09-01,AA,6.60,0.10,0.10,,,
VOYA,2025-09-01,A,0.05,0.05,0.10,,,
NG,2025-09-01,AAA,7.80,0.10,0.10,,,
ENB,2025-09-01,A,3.10,3.50,3.50,,,
KHC,2025-09-01,AA,4.40,5.70,9.30,,5.70,
VST,2025-09-01,BB,2.40,1.80,1.80,,,
SO,2025-09-01,A,5.60,5.90,5.90,,,
ELV,2025-09-01,AAA,0.10,0.10,0.10,,,
CNP,2025-09-01,A,0.06,6.30,6.30,,,
EXC,2025-09-01,AA,6.50,5.90,5.90,,,
AES,2025-09-01,A,4.90,3.90,3.90,,,
T,2025-09-01,BBB,0.10,0.10,0.10,,,
GE,2025-09-01,BBB,2.60,0.10,0.10,,,
CHTR,2025-09-01,BBB,0.10,0.10,0.10,,,
AEP,2025-09-01,AA,6.80,5.90,5.90,,,
CMCSA,2025-09-01,BBB,0.10,0.10,0.10,,,
BY,2025-09-01,BBB,0.00,0.00,0.08,,,
MEG,2025-09-01,AA,3.50,1.70,1.70,,,
COOP,2025-09-01,BBB,3.90,3.90,0.08,,,
AGNC,2025-09-01,A,7.70,7.70,7.70,,,
FBK,2025-09-01,BBB,0.01,0.01,6.70,,,
ZWS,2025-09-01,AAA,7.10,0.10,0.10,,,
RIG,2025-09-01,B,3.70,3.70,3.70,,,
SFBS,2025-09-01,BB,1.10,1.10,0.07,,,
UGI,2025-09-01,AAA,8.40,8.40,8.40,,,
BKU,2025-09-01,BBB,1.50,1.50,6.70,,,
FN,2025-09-01,BB,3.10,3.10,0.08,,,
BAM,2025-09-01,BB,9.70,9.70,9.70,,,
CAR,2025-09-01,AAA,0.10,0.10,0.10,,,
SMR,2025-09-01,BBB,1.70,1.30,1.30,,,
TRNO,2025-09-01,BBB,5.50,5.70,5.70,,,
SPSC,2025-09-01,AA,4.80,6.70,6.70,,,
SHC,2025-09-01,BBB,5.30,0.09,0.09,,,
SPG,2025-09-01,BBB,5.70,9.20,9.20,,,
LPLA,2025-09-01,A,0.09,0.09,0.09,,,
OUT,2025-09-01,BB,5.30,5.30,0.10,,,5.30
STAG,2025-09-01,BB,4.50,9.60,9.60,,,
AL,2025-09-01,A,6.20,0.10,0.10,,,
EFX,2025-09-01,A,7.50,8.60,8.60,,,
SLB,2025-09-01,A,8.10,9.40,9.40,,,
FBIN,2025-09-01,AAA,6.60,9.40,9.40,,,
ALSN,2025-09-01,A,0.04,8.30,8.30,,,
CG,2025-09-01,BBB,0.10,0.10,0.10,,,
PBF,2025-09-01,BBB,2.70,0.02,0.02,,,
META,2025-09-01,B,0.10,0.10,0.10,,,
MATX,2025-09-01,BBB,5.40,5.60,5.60,,,
EQT,2025-09-01,AA,4.30,4.10,2.90,,,
EXE,2025-09-01,BB,5.30,5.30,5.30,,,
PANW,2025-09-01,AAA,0.10,0.10,0.10,,,
IVZ,2025-09-01,AA,0.10,0.10,0.10,,,
ETN,2025-09-01,A,6.30,0.10,0.10,,,
WELL,2025-09-01,A,6.40,6.40,6.40,,,
FUBO,2025-09-01,BBB,6.70,6.70,6.70,,,
EA,2025-09-01,AA,5.20,0.10,0.10,,,
LEG,2025-09-01,AAA,4.30,8.90,8.90,,,
APAM,2025-09-01,A,9.30,9.30,9.30,,,
AMH,2025-09-01,BB,3.40,6.80,6.80,,,
EVTC,2025-09-01,BBB,0.08,0.08,0.08,,,
NIC,2025-09-01,B,0.00,0.00,6.70,,,
ESI,2025-09-01,A,5.50,9.70,9.70,,,
PTCT,2025-09-01,BB,0.02,8.10,8.10,,,
VEEV,2025-09-01,AA,0.09,0.09,0.09,,,
AAOI,2025-09-01,B,2.30,0.10,0.10,,,
ADMA,2025-09-01,B,4.30,5.70,5.70,,,
OMF,2025-09-01,A,0.08,0.08,0.08,,,
GLPI,2025-09-01,BB,4.90,5.60,5.60,,,
BLBD,2025-09-01,BB,2.50,6.20,6.20,,,
IBP,2025-09-01,A,5.30,0.10,0.10,,,
KN,2025-09-01,A,2.90,0.08,0.08,,,
MEDP,2025-09-01,BBB,7.10,7.10,7.10,,,
ANET,2025-09-01,AA,0.03,9.70,9.70,,,
GEN,2025-09-01,A,6.40,9.90,9.90,,,
NAVI,2025-09-01,BB,8.70,8.70,8.70,,,
DNOW,2025-09-01,A,2.80,9.70,9.70,,,
HP,2025-09-01,B,3.70,3.80,3.80,,,
LMB,2025-09-01,BBB,2.90,6.20,6.20,,,
ENVA,2025-09-01,B,6.70,6.70,6.70,,,
ARDX,2025-09-01,B,4.10,7.10,7.10,,,
SLNO,2025-09-01,BBB,0.06,6.70,6.70,,,
HQY,2025-09-01,A,7.30,7.30,7.30,,,
CNX,2025-09-01,AA,0.04,1.70,1.70,,,
KEYS,2025-09-01,AAA,3.50,9.10,9.10,,,
VVX,2025-09-01,AA,2.60,4.10,4.10,,,
LBRDA,2025-09-01,BBB,0.07,0.07,0.07,,,
AXTA,2025-09-01,AA,7.30,0.10,0.10,,,
LAMR,2025-09-01,BB,8.30,8.30,8.30,,,
XHR,2025-09-01,BBB,6.60,7.30,7.30,,,
GDDY,2025-09-01,AA,0.10,0.10,0.10,,,
LYFT,2025-09-01,BBB,6.20,6.20,6.20,,,
APPF,2025-09-01,A,4.80,6.70,6.70,,,
WSC,2025-09-01,AA,6.90,6.90,6.90,,,
CSW,2025-09-01,BB,4.30,5.90,5.90,,,
HPE,2025-09-01,AAA,5.70,0.10,0.10,,,
PHM,2025-09-01,BB,2.80,0.10,0.10,,,
STE,2025-09-01,AAA,8.50,8.50,8.50,,,
COP,2025-09-01,BBB,8.70,8.70,8.70,,,
TWLO,2025-09-01,AA,5.70,9.70,9.70,,,
IREN,2025-09-01,BBB,3.40,4.80,4.80,,,
ACAD,2025-09-01,AAA,8.20,8.20,8.20,,,
HTZ,2025-09-01,A,0.07,0.07,0.07,,,
KNSL,2025-09-01,BBB,5.90,5.90,6.70,,,5.90
YETI,2025-09-01,AAA,8.60,9.70,9.70,,,
COCO,2025-09-01,BB,3.40,5.90,5.70,,5.90,
METC,2025-09-01,CCC,0.70,0.00,0.00,,,
ULTA,2025-09-01,AA,6.30,6.30,0.10,,6.30,
CVNA,2025-09-01,BBB,2.20,0.01,6.10,,0.01,
AM,2025-09-01,A,4.10,4.70,4.70,,,
APPN,2025-09-01,A,0.05,0.07,0.07,,,
ATUS,2025-09-01,BB,0.07,0.07,0.07,,,
AHR,2025-09-01,B,2.90,4.30,4.30,,,
DBX,2025-09-01,A,5.60,0.09,0.09,,,
ST,2025-09-01,AA,5.30,9.20,9.20,,,
LASR,2025-09-01,B,2.50,5.50,5.50,,,
VRT,2025-09-01,B,4.50,7.80,7.80,,,
EVRG,2025-09-01,A,5.90,5.90,5.90,,,
QUBT,2025-09-01,CCC,2.70,6.70,6.70,,,
ARLO,2025-09-01,A,2.10,0.10,0.10,,,
ELAN,2025-09-01,AAA,3.60,8.10,8.10,,,
MLNK,2025-09-01,A,4.90,8.30,8.30,,,
ABT,2025-09-01,BBB,0.10,0.10,0.10,,,
TMHC,2025-09-01,A,4.70,8.20,8.20,,,
MDU,2025-09-01,AAA,6.30,8.50,8.50,,,
FOXA,2025-09-01,BBB,9.70,9.70,9.70,,,
JNJ,2025-09-01,BBB,0.05,0.10,0.10,,,
AKRO,2025-09-01,B,5.60,6.70,6.70,,,
DT,2025-09-01,AA,5.70,0.09,0.09,,,
CRC,2025-09-01,BBB,2.80,2.70,0.10,,2.70,
OTIS,2025-09-01,A,4.70,0.10,0.10,,,
VNT,2025-09-01,A,4.30,0.10,0.10,,,
EOSE,2025-09-01,B,4.20,5.90,5.90,,,
DKNG,2025-09-01,BBB,5.10,5.10,5.10,,,
QS,2025-09-01,BB,4.80,7.20,7.20,,,
VITL,2025-09-01,AA,4.30,3.20,7.70,,3.20,
CRON,2025-09-01,BBB,1.20,3.30,3.30,,,
ENR,2025-09-01,BBB,6.60,0.10,0.10,,,
DYN,2025-09-01,BB,6.20,8.70,8.70,,,
SNOW,2025-09-01,BBB,5.20,5.70,5.70,,,
PWP,2025-09-01,CCC,0.02,0.02,6.70,,,
EVGO,2025-09-01,A,7.60,6.50,6.50,,,
ASAN,2025-09-01,AA,5.90,9.70,9.70,,,
CMPO,2025-09-01,BBB,4.20,4.70,4.70,,,
MRVI,2025-09-01,B,6.20,6.20,6.20,,,
DRVN,2025-09-01,BB,5.90,5.90,5.90,,,
DOCS,2025-09-01,AAA,8.20,8.40,9.50,,8.40,
COUR,2025-09-01,AA,7.70,7.70,7.70,,,
RXRX,2025-09-01,BB,6.70,7.30,7.30,,,
PCT,2025-09-01,BB,3.70,1.10,1.10,,,
ALHC,2025-09-01,A,8.70,8.70,8.70,,,
PATH,2025-09-01,AA,5.90,0.09,0.09,,,
AVAH,2025-09-01,BBB,5.60,5.60,5.60,,,
TASK,2025-09-01,BB,8.70,8.70,8.70,,,
VERA,2025-09-01,BBB,6.10,6.70,6.70,,,
ZETA,2025-09-01,CCC,6.70,6.70,6.70,,,
VAL,2025-09-01,BB,4.10,4.30,4.30,,,
FLYW,2025-09-01,BBB,7.30,7.30,7.30,,,
OWL,2025-09-01,CCC,7.30,7.30,7.30,,,
LENZ,2025-09-01,BBB,5.10,6.70,6.70,,,
JXN,2025-09-01,BBB,0.09,0.09,0.09,,,
TMC,2025-09-01,BBB,0.02,4.20,4.20,,,
FLNC,2025-09-01,BBB,4.80,8.30,8.30,,,
ARHS,2025-09-01,BB,2.20,1.90,5.50,,1.90,
PX,2025-09-01,CCC,0.07,0.07,0.07,,,
NN,2025-09-01,AA,4.90,6.70,6.70,,,
RDDT,2025-09-01,BB,6.20,6.20,6.20,,,
ALG,2025-09-01,B,3.30,3.70,0.08,,3.70,
SYM,2025-09-01,BB,3.60,0.06,0.06,,,
ZYME,2025-09-01,BBB,6.10,0.08,0.08,,,
RKLB,2025-09-01,A,4.40,6.20,6.20,,,
MBC,2025-09-01,BB,2.90,6.30,6.30,,,
VTS,2025-09-01,CCC,1.10,0.00,0.00,,,
MLYS,2025-09-01,BB,5.10,6.70,6.70,,,
LIN,2025-09-01,A,4.80,5.30,5.30,,,
APGE,2025-09-01,BB,6.10,6.70,6.70,,,
PSA,2025-09-01,BBB,5.20,9.60,9.60,,,
VLTO,2025-09-01,AAA,5.30,0.10,0.10,,,
AMRX,2025-09-01,B,2.40,7.70,7.70,,,
GEV,2025-09-01,A,6.50,0.10,0.10,,,
BLK,2025-09-01,A,0.10,0.10,0.10,,,
TEM,2025-09-01,A,5.80,5.80,5.80,,,
GRAL,2025-09-01,B,2.30,6.20,6.20,,,
CURB,2025-09-01,CCC,0.02,4.30,4.30,,,
ECG,2025-09-01,A,2.90,7.90,7.90,,,
PRM,2025-09-01,BB,2.40,3.90,3.90,,,
KRMN,2025-09-01,A,3.10,6.10,6.10,,,
SPG,2025-09-01,BB,6.70,9.70,9.70,,,
SPG,2025-09-01,BB,6.70,9.70,9.70,,,
ED,2025-09-01,BBB,0.06,5.70,5.70,,,
DE,2025-09-01,AA,5.80,0.10,0.10,,,
AEP,2025-09-01,AA,6.80,7.50,7.50,,,
PFE,2025-09-01,BBB,6.20,0.10,0.10,,,
VZ,2025-09-01,A,0.10,0.10,0.10,,,
FE,2025-09-01,A,6.30,6.90,6.90,,,
KMI,2025-09-01,AA,5.90,7.60,7.60,,,
GPK,2025-09-01,A,4.80,7.10,7.10,,,
DUK,2025-09-01,BBB,4.30,3.20,3.20,,,
TFC,2025-09-01,BBB,2.60,2.60,0.10,,,
CMA,2025-09-01,A,1.40,1.40,0.10,,,
TXT,2025-09-01,A,2.90,0.10,0.10,,,
ROG,2025-09-01,A,6.50,0.10,0.10,,,
HST,2025-09-01,A,7.50,9.60,9.60,,,
H,2025-09-01,AA,7.60,8.60,8.60,,,
XEL,2025-09-01,AA,6.60,7.50,7.50,,,
GS,2025-09-01,AA,8.90,8.90,0.10,,,
BCC,2025-09-01,A,5.30,5.80,5.80,,,
PPL,2025-09-01,AA,4.90,5.60,5.60,,,
ST,2025-09-01,AA,5.30,9.20,9.20,,,
KAR,2025-09-01,A,8.60,8.60,8.60,,,
BWXT,2025-09-01,AA,2.20,9.20,9.20,,,
AMC,2025-09-01,BBB,6.70,6.70,6.70,,,
LNW,2025-09-01,A,6.60,6.60,6.60,,,
NG,2025-09-01,AAA,7.80,0.10,0.10,,,
DG,2025-09-01,A,2.30,3.10,0.10,,3.10,
BSY,2025-09-01,AA,5.80,0.10,0.10,,,
WMS,2025-09-01,AA,6.40,9.60,9.60,,,
KMI,2025-09-01,AAA,6.40,0.05,0.05,,,
ALX,2025-09-01,AA,6.70,0.10,0.10,,,
GNRC,2025-09-01,A,6.20,8.30,8.30,,,
SBAC,2025-09-01,AAA,8.50,8.50,8.50,,,
CHRD,2025-09-01,BB,1.50,0.00,0.00,,,
NXT,2025-09-01,AA,5.20,7.40,7.40,,,
WD,2025-09-01,A,0.40,0.40,0.10,,,
ARMK,2025-09-01,A,0.05,9.70,9.70,,,
MARA,2025-09-01,B,0.01,0.01,0.01,,,
RLJ,2025-09-01,B,3.80,8.90,8.90,,,
PPTA,2025-09-01,BBB,1.20,2.80,2.80,,,
GRPN,2025-09-01,BBB,7.20,7.20,7.20,,,
CI,2025-09-01,AA,0.10,0.10,0.10,,,
ET,2025-09-01,BB,3.10,3.40,3.40,,,
VTOL,2025-09-01,B,1.60,1.60,1.60,,,
POST,2025-09-01,BBB,3.70,5.20,9.50,,5.20,
EPAM,2025-09-01,A,5.50,0.10,0.10,,,
MTSI,2025-09-01,BBB,3.90,6.20,6.20,,,
AON,2025-09-01,A,7.80,7.80,0.10,,,7.80
SUPN,2025-09-01,BB,1.90,6.40,6.40,,,
GMED,2025-09-01,B,6.40,6.40,6.40,,,
NOW,2025-09-01,AAA,6.80,9.70,9.70,,,
BNL,2025-09-01,BBB,3.80,6.60,6.60,,,
WPC,2025-09-01,A,4.70,6.80,6.80,,,
MPLX,2025-09-01,A,5.70,0.05,0.05,,,
ABBV,2025-09-01,AA,8.20,0.10,0.10,,,
NN,2025-09-01,AA,0.10,0.10,0.10,,,0.10
GDDY,2025-09-01,AA,0.10,0.10,0.10,,,
ESNT,2025-09-01,BBB,3.30,3.30,0.08,,,3.30
REXR,2025-09-01,A,5.70,8.90,8.90,,,
PSX,2025-09-01,BB,5.10,3.70,3.70,,,
CHTR,2025-09-01,BBB,0.10,0.10,0.10,,,
PLUS,2025-09-01,A,0.06,0.06,0.06,,,
IRT,2025-09-01,BB,3.70,5.60,5.60,,,
SPNT,2025-09-01,BB,3.50,3.50,8.70,,,3.50
HLT,2025-09-01,A,5.90,8.40,8.40,,,
RNG,2025-09-01,AA,5.80,8.30,8.30,,,
ICE,2025-09-01,AA,0.10,0.10,0.10,,,
VRNS,2025-09-01,BBB,6.70,6.70,6.70,,,
OUT,2025-09-01,AA,0.09,0.09,0.09,,,
AM,2025-09-01,AA,0.04,4.80,4.80,,,
SYF,2025-09-01,AA,9.70,9.70,9.70,,,
SPGI,2025-09-01,AAA,0.10,0.10,0.10,,,
XIFR,2025-09-01,A,7.80,0.10,0.10,,,
AMPH,2025-09-01,B,1.90,6.40,6.40,,,
GEO,2025-09-01,BB,7.40,7.40,7.40,,,
NEXT,2025-09-01,BB,2.60,1.10,1.10,,,
CRC,2025-09-01,A,4.10,4.10,4.10,,,
FRPT,2025-09-01,AA,3.40,4.80,9.30,,4.80,
JCI,2025-09-01,AA,6.40,0.10,0.10,,,
IRM,2025-09-01,AA,9.70,9.70,9.70,,,
MDT,2025-09-01,BBB,0.10,0.10,0.10,,,
FND,2025-09-01,A,3.40,5.80,6.10,,5.80,
EQH,2025-09-01,AA,6.70,6.70,9.70,,,6.70
AFG,2025-09-01,A,3.70,3.70,0.10,,,
ALRM,2025-09-01,A,6.20,6.70,6.70,,,
EPR,2025-09-01,AA,0.05,6.20,8.50,,6.20,
PYPL,2025-09-01,A,0.10,0.10,0.10,,,
UBER,2025-09-01,A,0.09,0.09,0.09,,,
H,2025-09-01,AA,7.60,8.60,8.60,,,
AXSM,2025-09-01,BB,1.90,6.70,6.70,,,
FCPT,2025-09-01,BB,2.80,5.60,5.60,,,
RRR,2025-09-01,B,2.30,2.60,2.60,,,
APA,2025-09-01,AA,7.30,7.30,7.30,,,
AA,2025-09-01,A,0.02,3.50,3.50,,,
IQV,2025-09-01,AAA,0.10,0.10,0.10,,,
VST,2025-09-01,BB,2.40,1.80,1.80,,,
IIPR,2025-09-01,B,3.80,4.90,4.90,,,
SWX,2025-09-01,AA,8.80,8.80,8.80,,,
KRP,2025-09-01,CCC,0.00,0.00,0.00,,,
SNAP,2025-09-01,BBB,0.10,0.10,0.10,,,
YEXT,2025-09-01,A,4.60,6.20,6.20,,,
DD,2025-09-01,A,4.60,9.20,9.20,,,
KRYS,2025-09-01,B,0.04,5.70,5.70,,,
PRM,2025-09-01,B,3.80,2.80,2.80,,,
CARG,2025-09-01,BBB,7.50,7.50,7.50,,,
EYE,2025-09-01,AAA,2.10,2.10,0.08,,2.10,
NWL,2025-09-01,BBB,0.10,0.10,0.10,,,
NMRK,2025-09-01,BBB,5.20,8.70,8.70,,,
KEYS,2025-09-01,BB,7.20,7.20,7.20,,,
LILA,2025-09-01,A,0.10,0.10,0.10,,,
GSHD,2025-09-01,BBB,0.06,0.06,6.70,,,0.06
VTR,2025-09-01,BBB,5.30,8.90,8.90,,,
BE,2025-09-01,A,6.40,7.80,7.80,,,
CWK,2025-09-01,AAA,5.80,0.10,0.10,,,
ACA,2025-09-01,AA,3.40,8.10,8.10,,,
TWST,2025-09-01,BB,0.08,0.08,0.08,,,
MRNA,2025-09-01,A,4.60,8.80,8.80,,,
DIS,2025-09-01,BBB,0.10,0.10,0.10,,,
OSW,2025-09-01,BBB,0.03,3.80,3.80,,,
BTSG,2025-09-01,A,5.70,5.70,5.70,,,
IDYA,2025-09-01,BBB,6.10,6.70,6.70,,,
CTVA,2025-09-01,BBB,5.30,0.10,0.10,,,
CHWY,2025-09-01,BBB,0.70,0.70,6.20,,0.70,
TRN,2025-09-01,AAA,0.10,0.10,0.10,,,
DDOG,2025-09-01,AA,5.60,0.09,0.09,,,
BWIN,2025-09-01,A,5.30,5.30,0.07,,,5.30
OI,2025-09-01,A,6.60,4.20,4.20,,,
SDGR,2025-09-01,BBB,8.10,8.10,8.10,,,
RVMD,2025-09-01,B,6.10,6.70,6.70,,,
ELVN,2025-09-01,AA,5.60,6.70,6.70,,,
SILA,2025-09-01,B,2.60,5.60,5.60,,,
RPRX,2025-09-01,AA,1.90,7.40,7.40,,,
LMND,2025-09-01,CCC,0.80,0.80,6.70,,,0.80
MIR,2025-09-01,A,2.50,6.70,6.70,,,
VTRS,2025-09-01,BBB,3.90,0.10,0.10,,,
ALEX,2025-09-01,BBB,4.20,0.09,0.09,,,
NCNO,2025-09-01,BBB,4.90,6.70,6.70,,,
EVLV,2025-09-01,B,2.50,6.70,6.70,,,
JAMF,2025-09-01,A,5.70,9.70,9.70,,,
CIFR,2025-09-01,B,0.00,0.00,0.00,,,
LESL,2025-09-01,AA,5.70,5.70,7.20,,5.70,
IONQ,2025-09-01,BB,3.80,6.60,6.60,,,
DASH,2025-09-01,BB,8.50,8.50,8.50,,,
WOOF,2025-09-01,AA,4.60,4.60,0.10,,4.60,
SEMR,2025-09-01,BBB,4.60,6.70,6.70,,,
BMBL,2025-09-01,BBB,9.70,9.70,9.70,,,
SHLS,2025-09-01,A,4.50,8.10,8.10,,,
BBAI,2025-09-01,CCC,4.50,7.30,7.30,,,
ALKT,2025-09-01,BBB,4.90,6.70,6.70,,,
ACVA,2025-09-01,BBB,6.40,6.40,6.40,,,
TDUP,2025-09-01,AA,6.40,0.10,8.20,,0.10,
DTM,2025-09-01,A,4.90,4.50,4.50,,,
CNM,2025-09-01,AA,4.70,8.10,8.10,,,
NUVL,2025-09-01,CCC,0.05,6.70,6.70,,,
SHCO,2025-09-01,BBB,4.40,8.20,8.20,,,
PRCT,2025-09-01,A,6.70,6.70,6.70,,,
WRBY,2025-09-01,A,5.30,5.30,6.60,,5.30,
SG,2025-09-01,BB,3.20,8.40,8.40,,,
WULF,2025-09-01,CCC,0.30,0.30,0.30,,,
FCFS,2025-09-01,CCC,0.08,0.08,0.08,,,
TPG,2025-09-01,B,7.30,7.30,7.30,,,
DINO,2025-09-01,A,4.20,5.30,5.30,,,
IDCC,2025-09-01,AAA,7.30,7.30,7.30,,,
SMR,2025-09-01,B,4.10,6.60,6.60,,,
CXT,2025-09-01,BBB,2.30,0.10,0.10,,,
QDEL,2025-09-01,A,0.10,0.10,0.10,,,
QBTS,2025-09-01,A,4.60,6.70,6.70,,,
BHVN,2025-09-01,A,6.40,0.07,0.07,,,
PRME,2025-09-01,BB,6.10,6.70,6.70,,,
SKWD,2025-09-01,B,0.03,0.03,6.70,,,0.03
KIM,2025-09-01,BBB,6.10,9.60,9.60,,,
DOC,2025-09-01,AA,7.40,9.60,9.60,,,
KNF,2025-09-01,A,5.70,6.90,6.90,,,
DBD,2025-09-01,A,4.10,0.10,0.10,,,
AESI,2025-09-01,B,3.50,2.50,2.50,,,
BG,2025-09-01,AAA,5.40,9.50,9.50,,,
NWE,2025-09-01,A,6.20,6.90,6.90,,,
RBRK,2025-09-01,BBB,6.70,6.70,6.70,,,
LH,2025-09-01,AA,0.10,0.10,0.10,,,
SW,2025-09-01,A,5.30,0.08,0.08,,,
TSLA,2025-09-01,BBB,9.20,0.10,9.20,,0.10,
HASI,2025-09-01,AA,0.10,0.10,0.10,,,
CLMT,2025-09-01,B,1.80,2.10,2.10,,,
TEL,2025-09-01,A,4.30,0.10,0.10,,,
TIC,2025-09-01,BBB,0.07,0.07,0.07,,,
TRIP,2025-09-01,BB,5.50,5.50,5.50,,,
PENG,2025-09-01,BBB,4.50,8.60,8.60,,,
